case	CosmicO0	CosmicO2	assessment
00001.c	expected-pass	expected-pass	all-match-expected
00002.c	expected-pass	expected-pass	all-match-expected
00003.c	expected-pass	expected-pass	all-match-expected
00004.c	expected-pass	expected-pass	all-match-expected
00005.c	expected-pass	expected-pass	all-match-expected
00006.c	expected-pass	expected-pass	all-match-expected
00007.c	expected-pass	expected-pass	all-match-expected
00008.c	expected-pass	expected-pass	all-match-expected
00009.c	expected-pass	expected-pass	all-match-expected
00010.c	expected-pass	expected-pass	all-match-expected
00011.c	expected-pass	expected-pass	all-match-expected
00012.c	expected-pass	expected-pass	all-match-expected
00013.c	expected-pass	expected-pass	all-match-expected
00014.c	expected-pass	expected-pass	all-match-expected
00015.c	expected-pass	expected-pass	all-match-expected
00016.c	expected-pass	expected-pass	all-match-expected
00017.c	expected-pass	expected-pass	all-match-expected
00018.c	expected-pass	expected-pass	all-match-expected
00019.c	expected-pass	expected-pass	all-match-expected
00020.c	expected-pass	expected-pass	all-match-expected
00021.c	expected-pass	expected-pass	all-match-expected
00022.c	expected-pass	expected-pass	all-match-expected
00023.c	expected-pass	expected-pass	all-match-expected
00024.c	expected-pass	expected-pass	all-match-expected
00025.c	expected-pass	expected-pass	all-match-expected
00026.c	expected-pass	expected-pass	all-match-expected
00027.c	expected-pass	expected-pass	all-match-expected
00028.c	expected-pass	expected-pass	all-match-expected
00029.c	expected-pass	expected-pass	all-match-expected
00030.c	expected-pass	expected-pass	all-match-expected
00031.c	expected-pass	expected-pass	all-match-expected
00032.c	expected-pass	expected-pass	all-match-expected
00033.c	expected-pass	expected-pass	all-match-expected
00034.c	expected-pass	expected-pass	all-match-expected
00035.c	expected-pass	expected-pass	all-match-expected
00036.c	expected-pass	expected-pass	all-match-expected
00037.c	expected-pass	expected-pass	all-match-expected
00038.c	expected-pass	expected-pass	all-match-expected
00039.c	expected-pass	expected-pass	all-match-expected
00040.c	expected-pass	expected-pass	all-match-expected
00041.c	expected-pass	expected-pass	all-match-expected
00042.c	expected-pass	expected-pass	all-match-expected
00043.c	expected-pass	expected-pass	all-match-expected
00044.c	expected-pass	expected-pass	all-match-expected
00045.c	expected-pass	expected-pass	all-match-expected
00046.c	expected-pass	expected-pass	all-match-expected
00047.c	expected-pass	expected-pass	all-match-expected
00048.c	expected-pass	expected-pass	all-match-expected
00049.c	expected-pass	expected-pass	all-match-expected
00050.c	expected-pass	expected-pass	all-match-expected
00051.c	expected-pass	expected-pass	all-match-expected
00052.c	expected-pass	expected-pass	all-match-expected
00053.c	expected-pass	expected-pass	all-match-expected
00054.c	expected-pass	expected-pass	all-match-expected
00055.c	expected-pass	expected-pass	all-match-expected
00056.c	expected-pass	expected-pass	all-match-expected
00057.c	expected-pass	expected-pass	all-match-expected
00058.c	expected-pass	expected-pass	all-match-expected
00059.c	expected-pass	expected-pass	all-match-expected
00060.c	expected-pass	expected-pass	all-match-expected
00061.c	expected-pass	expected-pass	all-match-expected
00062.c	expected-pass	expected-pass	all-match-expected
00063.c	expected-pass	expected-pass	all-match-expected
00064.c	expected-pass	expected-pass	all-match-expected
00065.c	expected-pass	expected-pass	all-match-expected
00066.c	expected-pass	expected-pass	all-match-expected
00067.c	expected-pass	expected-pass	all-match-expected
00068.c	expected-pass	expected-pass	all-match-expected
00069.c	expected-pass	expected-pass	all-match-expected
00070.c	expected-pass	expected-pass	all-match-expected
00071.c	expected-pass	expected-pass	all-match-expected
00072.c	expected-pass	expected-pass	all-match-expected
00073.c	expected-pass	expected-pass	all-match-expected
00074.c	expected-pass	expected-pass	all-match-expected
00075.c	expected-pass	expected-pass	all-match-expected
00076.c	expected-pass	expected-pass	all-match-expected
00077.c	expected-pass	expected-pass	all-match-expected
00078.c	expected-pass	expected-pass	all-match-expected
00079.c	expected-pass	expected-pass	all-match-expected
00080.c	expected-pass	expected-pass	all-match-expected
00081.c	expected-pass	expected-pass	all-match-expected
00082.c	expected-pass	expected-pass	all-match-expected
00083.c	expected-pass	expected-pass	all-match-expected
00084.c	expected-pass	expected-pass	all-match-expected
00085.c	expected-pass	expected-pass	all-match-expected
00086.c	expected-pass	expected-pass	all-match-expected
00087.c	expected-pass	expected-pass	all-match-expected
00088.c	expected-pass	expected-pass	all-match-expected
00089.c	expected-pass	expected-pass	all-match-expected
00090.c	expected-pass	expected-pass	all-match-expected
00091.c	expected-pass	expected-pass	all-match-expected
00092.c	expected-pass	expected-pass	all-match-expected
00093.c	expected-pass	expected-pass	all-match-expected
00094.c	expected-pass	expected-pass	all-match-expected
00095.c	compile-failure	compile-failure	cosmic-gap-reference-consensus
00096.c	expected-pass	expected-pass	all-match-expected
00097.c	expected-pass	expected-pass	all-match-expected
00098.c	expected-pass	expected-pass	all-match-expected
00099.c	expected-pass	expected-pass	all-match-expected
00100.c	expected-pass	expected-pass	all-match-expected
00101.c	expected-pass	expected-pass	all-match-expected
00102.c	expected-pass	expected-pass	all-match-expected
00103.c	expected-pass	expected-pass	all-match-expected
00104.c	expected-pass	expected-pass	all-match-expected
00105.c	expected-pass	expected-pass	all-match-expected
00106.c	expected-pass	expected-pass	all-match-expected
00107.c	expected-pass	expected-pass	all-match-expected
00108.c	expected-pass	expected-pass	all-match-expected
00109.c	expected-pass	expected-pass	all-match-expected
00110.c	expected-pass	expected-pass	all-match-expected
00111.c	expected-pass	expected-pass	all-match-expected
00112.c	expected-pass	expected-pass	all-match-expected
00113.c	expected-pass	expected-pass	all-match-expected
00114.c	expected-pass	expected-pass	all-match-expected
00115.c	expected-pass	expected-pass	all-match-expected
00116.c	expected-pass	expected-pass	all-match-expected
00117.c	expected-pass	expected-pass	all-match-expected
00118.c	expected-pass	expected-pass	all-match-expected
00119.c	expected-pass	expected-pass	all-match-expected
00120.c	expected-pass	expected-pass	all-match-expected
00121.c	expected-pass	expected-pass	all-match-expected
00122.c	expected-pass	expected-pass	all-match-expected
00123.c	expected-pass	expected-pass	all-match-expected
00124.c	expected-pass	expected-pass	all-match-expected
00125.c	expected-pass	expected-pass	all-match-expected
00126.c	expected-pass	expected-pass	all-match-expected
00127.c	expected-pass	expected-pass	all-match-expected
00128.c	expected-pass	expected-pass	all-match-expected
00129.c	expected-pass	expected-pass	all-match-expected
00130.c	expected-pass	expected-pass	all-match-expected
00131.c	expected-pass	expected-pass	all-match-expected
00132.c	expected-pass	expected-pass	all-match-expected
00133.c	expected-pass	expected-pass	all-match-expected
00134.c	expected-pass	expected-pass	all-match-expected
00135.c	expected-pass	expected-pass	all-match-expected
00136.c	expected-pass	expected-pass	all-match-expected
00137.c	expected-pass	expected-pass	all-match-expected
00138.c	expected-pass	expected-pass	all-match-expected
00139.c	expected-pass	expected-pass	all-match-expected
00140.c	expected-pass	expected-pass	all-match-expected
00141.c	expected-pass	expected-pass	all-match-expected
00142.c	expected-pass	expected-pass	all-match-expected
00143.c	expected-pass	expected-pass	all-match-expected
00144.c	compile-failure	compile-failure	reviewed-undefined-or-constraint-boundary
00145.c	expected-pass	expected-pass	all-match-expected
00146.c	expected-pass	expected-pass	all-match-expected
00147.c	expected-pass	expected-pass	all-match-expected
00148.c	expected-pass	expected-pass	all-match-expected
00149.c	expected-pass	expected-pass	all-match-expected
00150.c	expected-pass	expected-pass	all-match-expected
00151.c	expected-pass	expected-pass	all-match-expected
00152.c	expected-pass	expected-pass	all-match-expected
00153.c	expected-pass	expected-pass	all-match-expected
00154.c	expected-pass	expected-pass	all-match-expected
00155.c	expected-pass	expected-pass	all-match-expected
00156.c	expected-pass	expected-pass	all-match-expected
00157.c	expected-pass	expected-pass	all-match-expected
00158.c	expected-pass	expected-pass	all-match-expected
00159.c	expected-pass	expected-pass	all-match-expected
00160.c	expected-pass	expected-pass	all-match-expected
00161.c	expected-pass	expected-pass	all-match-expected
00162.c	expected-pass	expected-pass	all-match-expected
00163.c	expected-pass	expected-pass	all-match-expected
00164.c	expected-pass	expected-pass	all-match-expected
00165.c	expected-pass	expected-pass	all-match-expected
00166.c	expected-pass	expected-pass	all-match-expected
00167.c	expected-pass	expected-pass	all-match-expected
00168.c	expected-pass	expected-pass	all-match-expected
00169.c	expected-pass	expected-pass	all-match-expected
00170.c	compile-failure	compile-failure	cosmic-gap-reference-consensus
00171.c	expected-pass	expected-pass	all-match-expected
00172.c	expected-pass	expected-pass	all-match-expected
00173.c	expected-pass	expected-pass	all-match-expected
00174.c	expected-pass	expected-pass	all-match-expected
00175.c	expected-pass	expected-pass	all-match-expected
00176.c	expected-pass	expected-pass	all-match-expected
00177.c	expected-pass	expected-pass	all-match-expected
00178.c	expected-pass	expected-pass	reviewed-undefined-or-constraint-boundary
00179.c	expected-pass	expected-pass	all-match-expected
00180.c	expected-pass	expected-pass	all-match-expected
00181.c	expected-pass	expected-pass	all-match-expected
00182.c	expected-pass	expected-pass	all-match-expected
00183.c	expected-pass	expected-pass	all-match-expected
00184.c	expected-pass	expected-pass	all-match-expected
00185.c	expected-pass	expected-pass	all-match-expected
00186.c	expected-pass	expected-pass	all-match-expected
00187.c	expected-pass	expected-pass	all-match-expected
00188.c	expected-pass	expected-pass	all-match-expected
00189.c	expected-pass	expected-pass	all-match-expected
00190.c	expected-pass	expected-pass	all-match-expected
00191.c	expected-pass	expected-pass	all-match-expected
00192.c	expected-pass	expected-pass	all-match-expected
00193.c	expected-pass	expected-pass	all-match-expected
00194.c	expected-pass	expected-pass	all-match-expected
00195.c	expected-pass	expected-pass	all-match-expected
00196.c	expected-pass	expected-pass	all-match-expected
00197.c	expected-pass	expected-pass	all-match-expected
00198.c	expected-pass	expected-pass	all-match-expected
00199.c	expected-pass	expected-pass	all-match-expected
00200.c	expected-pass	expected-pass	reviewed-undefined-or-constraint-boundary
00201.c	expected-pass	expected-pass	all-match-expected
00202.c	expected-pass	expected-pass	all-match-expected
00203.c	expected-pass	expected-pass	all-match-expected
00204.c	compile-failure	compile-failure	cosmic-gap-reference-consensus
00205.c	expected-pass	expected-pass	all-match-expected
00206.c	expected-pass	expected-pass	all-match-expected
00207.c	expected-pass	expected-pass	all-match-expected
00208.c	expected-pass	expected-pass	all-match-expected
00209.c	compile-failure	compile-failure	cosmic-gap-reference-consensus
00210.c	compile-failure	compile-failure	cosmic-gap-reference-consensus
00211.c	expected-pass	expected-pass	all-match-expected
00212.c	expected-pass	expected-pass	all-match-expected
00213.c	compile-failure	compile-failure	cosmic-gap-reference-consensus
00214.c	compile-failure	compile-failure	cosmic-gap-reference-consensus
00215.c	expected-pass	expected-pass	all-match-expected
00216.c	compile-failure	compile-failure	cosmic-gap-reference-consensus
00217.c	expected-pass	expected-pass	all-match-expected
00218.c	expected-pass	expected-pass	all-match-expected
00219.c	compile-failure	compile-failure	cosmic-gap-reference-consensus
00220.c	expected-pass	expected-pass	all-match-expected
