case	cosmic	cosmic-O2	gcc	clang	gcc-O2	clang-O2
00001.c	expected-pass	expected-pass	expected-pass	expected-pass	expected-pass	expected-pass
00002.c	expected-pass	expected-pass	expected-pass	expected-pass	expected-pass	expected-pass
00003.c	expected-pass	expected-pass	expected-pass	expected-pass	expected-pass	expected-pass
00004.c	expected-pass	expected-pass	expected-pass	expected-pass	expected-pass	expected-pass
00005.c	expected-pass	expected-pass	expected-pass	expected-pass	expected-pass	expected-pass
00006.c	expected-pass	expected-pass	expected-pass	expected-pass	expected-pass	expected-pass
00007.c	expected-pass	expected-pass	expected-pass	expected-pass	expected-pass	expected-pass
00008.c	expected-pass	expected-pass	expected-pass	expected-pass	expected-pass	expected-pass
00009.c	expected-pass	expected-pass	expected-pass	expected-pass	expected-pass	expected-pass
00010.c	expected-pass	expected-pass	expected-pass	expected-pass	expected-pass	expected-pass
00011.c	expected-pass	expected-pass	expected-pass	expected-pass	expected-pass	expected-pass
00012.c	expected-pass	expected-pass	expected-pass	expected-pass	expected-pass	expected-pass
00013.c	expected-pass	expected-pass	expected-pass	expected-pass	expected-pass	expected-pass
00014.c	expected-pass	expected-pass	expected-pass	expected-pass	expected-pass	expected-pass
00015.c	expected-pass	expected-pass	expected-pass	expected-pass	expected-pass	expected-pass
00016.c	expected-pass	expected-pass	expected-pass	expected-pass	expected-pass	expected-pass
00017.c	expected-pass	expected-pass	expected-pass	expected-pass	expected-pass	expected-pass
00018.c	expected-pass	expected-pass	expected-pass	expected-pass	expected-pass	expected-pass
00019.c	expected-pass	expected-pass	expected-pass	expected-pass	expected-pass	expected-pass
00020.c	expected-pass	expected-pass	expected-pass	expected-pass	expected-pass	expected-pass
00021.c	expected-pass	expected-pass	expected-pass	expected-pass	expected-pass	expected-pass
00022.c	expected-pass	expected-pass	expected-pass	expected-pass	expected-pass	expected-pass
00023.c	expected-pass	expected-pass	expected-pass	expected-pass	expected-pass	expected-pass
00024.c	expected-pass	expected-pass	expected-pass	expected-pass	expected-pass	expected-pass
00025.c	expected-pass	expected-pass	expected-pass	expected-pass	expected-pass	expected-pass
00026.c	expected-pass	expected-pass	expected-pass	expected-pass	expected-pass	expected-pass
00027.c	expected-pass	expected-pass	expected-pass	expected-pass	expected-pass	expected-pass
00028.c	expected-pass	expected-pass	expected-pass	expected-pass	expected-pass	expected-pass
00029.c	expected-pass	expected-pass	expected-pass	expected-pass	expected-pass	expected-pass
00030.c	expected-pass	expected-pass	expected-pass	expected-pass	expected-pass	expected-pass
00031.c	expected-pass	expected-pass	expected-pass	expected-pass	expected-pass	expected-pass
00032.c	expected-pass	expected-pass	expected-pass	expected-pass	expected-pass	expected-pass
00033.c	expected-pass	expected-pass	expected-pass	expected-pass	expected-pass	expected-pass
00034.c	expected-pass	expected-pass	expected-pass	expected-pass	expected-pass	expected-pass
00035.c	expected-pass	expected-pass	expected-pass	expected-pass	expected-pass	expected-pass
00036.c	expected-pass	expected-pass	expected-pass	expected-pass	expected-pass	expected-pass
00037.c	expected-pass	expected-pass	expected-pass	expected-pass	expected-pass	expected-pass
00038.c	expected-pass	expected-pass	expected-pass	expected-pass	expected-pass	expected-pass
00039.c	expected-pass	expected-pass	expected-pass	expected-pass	expected-pass	expected-pass
00040.c	expected-pass	expected-pass	expected-pass	expected-pass	expected-pass	expected-pass
00041.c	expected-pass	expected-pass	expected-pass	expected-pass	expected-pass	expected-pass
00042.c	expected-pass	expected-pass	expected-pass	expected-pass	expected-pass	expected-pass
00043.c	expected-pass	expected-pass	expected-pass	expected-pass	expected-pass	expected-pass
00044.c	expected-pass	expected-pass	expected-pass	expected-pass	expected-pass	expected-pass
00045.c	expected-pass	expected-pass	expected-pass	expected-pass	expected-pass	expected-pass
00046.c	expected-pass	expected-pass	expected-pass	expected-pass	expected-pass	expected-pass
00047.c	expected-pass	expected-pass	expected-pass	expected-pass	expected-pass	expected-pass
00048.c	expected-pass	expected-pass	expected-pass	expected-pass	expected-pass	expected-pass
00049.c	expected-pass	expected-pass	expected-pass	expected-pass	expected-pass	expected-pass
00050.c	expected-pass	expected-pass	expected-pass	expected-pass	expected-pass	expected-pass
00051.c	expected-pass	expected-pass	expected-pass	expected-pass	expected-pass	expected-pass
00052.c	expected-pass	expected-pass	expected-pass	expected-pass	expected-pass	expected-pass
00053.c	expected-pass	expected-pass	expected-pass	expected-pass	expected-pass	expected-pass
00054.c	expected-pass	expected-pass	expected-pass	expected-pass	expected-pass	expected-pass
00055.c	expected-pass	expected-pass	expected-pass	expected-pass	expected-pass	expected-pass
00056.c	expected-pass	expected-pass	expected-pass	expected-pass	expected-pass	expected-pass
00057.c	expected-pass	expected-pass	expected-pass	expected-pass	expected-pass	expected-pass
00058.c	expected-pass	expected-pass	expected-pass	expected-pass	expected-pass	expected-pass
00059.c	expected-pass	expected-pass	expected-pass	expected-pass	expected-pass	expected-pass
00060.c	expected-pass	expected-pass	expected-pass	expected-pass	expected-pass	expected-pass
00061.c	expected-pass	expected-pass	expected-pass	expected-pass	expected-pass	expected-pass
00062.c	expected-pass	expected-pass	expected-pass	expected-pass	expected-pass	expected-pass
00063.c	expected-pass	expected-pass	expected-pass	expected-pass	expected-pass	expected-pass
00064.c	expected-pass	expected-pass	expected-pass	expected-pass	expected-pass	expected-pass
00065.c	expected-pass	expected-pass	expected-pass	expected-pass	expected-pass	expected-pass
00066.c	expected-pass	expected-pass	expected-pass	expected-pass	expected-pass	expected-pass
00067.c	expected-pass	expected-pass	expected-pass	expected-pass	expected-pass	expected-pass
00068.c	expected-pass	expected-pass	expected-pass	expected-pass	expected-pass	expected-pass
00069.c	expected-pass	expected-pass	expected-pass	expected-pass	expected-pass	expected-pass
00070.c	expected-pass	expected-pass	expected-pass	expected-pass	expected-pass	expected-pass
00071.c	expected-pass	expected-pass	expected-pass	expected-pass	expected-pass	expected-pass
00072.c	expected-pass	expected-pass	expected-pass	expected-pass	expected-pass	expected-pass
00073.c	expected-pass	expected-pass	expected-pass	expected-pass	expected-pass	expected-pass
00074.c	expected-pass	expected-pass	expected-pass	expected-pass	expected-pass	expected-pass
00075.c	expected-pass	expected-pass	expected-pass	expected-pass	expected-pass	expected-pass
00076.c	expected-pass	expected-pass	expected-pass	expected-pass	expected-pass	expected-pass
00077.c	expected-pass	expected-pass	expected-pass	expected-pass	expected-pass	expected-pass
00078.c	expected-pass	expected-pass	expected-pass	expected-pass	expected-pass	expected-pass
00079.c	expected-pass	expected-pass	expected-pass	expected-pass	expected-pass	expected-pass
00080.c	expected-pass	expected-pass	expected-pass	expected-pass	expected-pass	expected-pass
00081.c	expected-pass	expected-pass	expected-pass	expected-pass	expected-pass	expected-pass
00082.c	expected-pass	expected-pass	expected-pass	expected-pass	expected-pass	expected-pass
00083.c	expected-pass	expected-pass	expected-pass	expected-pass	expected-pass	expected-pass
00084.c	expected-pass	expected-pass	expected-pass	expected-pass	expected-pass	expected-pass
00085.c	expected-pass	expected-pass	expected-pass	expected-pass	expected-pass	expected-pass
00086.c	expected-pass	expected-pass	expected-pass	expected-pass	expected-pass	expected-pass
00087.c	expected-pass	expected-pass	expected-pass	expected-pass	expected-pass	expected-pass
00088.c	expected-pass	expected-pass	expected-pass	expected-pass	expected-pass	expected-pass
00089.c	expected-pass	expected-pass	expected-pass	expected-pass	expected-pass	expected-pass
00090.c	expected-pass	expected-pass	expected-pass	expected-pass	expected-pass	expected-pass
00091.c	expected-pass	expected-pass	expected-pass	expected-pass	expected-pass	expected-pass
00092.c	expected-pass	expected-pass	expected-pass	expected-pass	expected-pass	expected-pass
00093.c	expected-pass	expected-pass	expected-pass	expected-pass	expected-pass	expected-pass
00094.c	expected-pass	expected-pass	expected-pass	expected-pass	expected-pass	expected-pass
00095.c	compile-failure	compile-failure	expected-pass	expected-pass	expected-pass	expected-pass
00096.c	expected-pass	expected-pass	expected-pass	expected-pass	expected-pass	expected-pass
00097.c	expected-pass	expected-pass	expected-pass	expected-pass	expected-pass	expected-pass
00098.c	expected-pass	expected-pass	expected-pass	expected-pass	expected-pass	expected-pass
00099.c	expected-pass	expected-pass	expected-pass	expected-pass	expected-pass	expected-pass
00100.c	expected-pass	expected-pass	expected-pass	expected-pass	expected-pass	expected-pass
00101.c	expected-pass	expected-pass	expected-pass	expected-pass	expected-pass	expected-pass
00102.c	expected-pass	expected-pass	expected-pass	expected-pass	expected-pass	expected-pass
00103.c	expected-pass	expected-pass	expected-pass	expected-pass	expected-pass	expected-pass
00104.c	expected-pass	expected-pass	expected-pass	expected-pass	expected-pass	expected-pass
00105.c	expected-pass	expected-pass	expected-pass	expected-pass	expected-pass	expected-pass
00106.c	expected-pass	expected-pass	expected-pass	expected-pass	expected-pass	expected-pass
00107.c	expected-pass	expected-pass	expected-pass	expected-pass	expected-pass	expected-pass
00108.c	expected-pass	expected-pass	expected-pass	expected-pass	expected-pass	expected-pass
00109.c	expected-pass	expected-pass	expected-pass	expected-pass	expected-pass	expected-pass
00110.c	expected-pass	expected-pass	expected-pass	expected-pass	expected-pass	expected-pass
00111.c	expected-pass	expected-pass	expected-pass	expected-pass	expected-pass	expected-pass
00112.c	expected-pass	expected-pass	expected-pass	expected-pass	expected-pass	expected-pass
00113.c	expected-pass	expected-pass	expected-pass	expected-pass	expected-pass	expected-pass
00114.c	expected-pass	expected-pass	expected-pass	expected-pass	expected-pass	expected-pass
00115.c	expected-pass	expected-pass	expected-pass	expected-pass	expected-pass	expected-pass
00116.c	expected-pass	expected-pass	expected-pass	expected-pass	expected-pass	expected-pass
00117.c	expected-pass	expected-pass	expected-pass	expected-pass	expected-pass	expected-pass
00118.c	expected-pass	expected-pass	expected-pass	expected-pass	expected-pass	expected-pass
00119.c	expected-pass	expected-pass	expected-pass	expected-pass	expected-pass	expected-pass
00120.c	expected-pass	expected-pass	expected-pass	expected-pass	expected-pass	expected-pass
00121.c	expected-pass	expected-pass	expected-pass	expected-pass	expected-pass	expected-pass
00122.c	expected-pass	expected-pass	expected-pass	expected-pass	expected-pass	expected-pass
00123.c	expected-pass	expected-pass	expected-pass	expected-pass	expected-pass	expected-pass
00124.c	expected-pass	expected-pass	expected-pass	expected-pass	expected-pass	expected-pass
00125.c	expected-pass	expected-pass	expected-pass	expected-pass	expected-pass	expected-pass
00126.c	expected-pass	expected-pass	expected-pass	expected-pass	expected-pass	expected-pass
00127.c	expected-pass	expected-pass	expected-pass	expected-pass	expected-pass	expected-pass
00128.c	expected-pass	expected-pass	expected-pass	expected-pass	expected-pass	expected-pass
00129.c	expected-pass	expected-pass	expected-pass	expected-pass	expected-pass	expected-pass
00130.c	expected-pass	expected-pass	expected-pass	expected-pass	expected-pass	expected-pass
00131.c	expected-pass	expected-pass	expected-pass	expected-pass	expected-pass	expected-pass
00132.c	expected-pass	expected-pass	expected-pass	expected-pass	expected-pass	expected-pass
00133.c	expected-pass	expected-pass	expected-pass	expected-pass	expected-pass	expected-pass
00134.c	expected-pass	expected-pass	expected-pass	expected-pass	expected-pass	expected-pass
00135.c	expected-pass	expected-pass	expected-pass	expected-pass	expected-pass	expected-pass
00136.c	expected-pass	expected-pass	expected-pass	expected-pass	expected-pass	expected-pass
00137.c	expected-pass	expected-pass	expected-pass	expected-pass	expected-pass	expected-pass
00138.c	expected-pass	expected-pass	expected-pass	expected-pass	expected-pass	expected-pass
00139.c	expected-pass	expected-pass	expected-pass	expected-pass	expected-pass	expected-pass
00140.c	expected-pass	expected-pass	expected-pass	expected-pass	expected-pass	expected-pass
00141.c	expected-pass	expected-pass	expected-pass	expected-pass	expected-pass	expected-pass
00142.c	expected-pass	expected-pass	expected-pass	expected-pass	expected-pass	expected-pass
00143.c	expected-pass	expected-pass	expected-pass	expected-pass	expected-pass	expected-pass
00144.c	compile-failure	compile-failure	expected-pass	expected-pass	expected-pass	expected-pass
00145.c	expected-pass	expected-pass	expected-pass	expected-pass	expected-pass	expected-pass
00146.c	expected-pass	expected-pass	expected-pass	expected-pass	expected-pass	expected-pass
00147.c	expected-pass	expected-pass	expected-pass	expected-pass	expected-pass	expected-pass
00148.c	expected-pass	expected-pass	expected-pass	expected-pass	expected-pass	expected-pass
00149.c	expected-pass	expected-pass	expected-pass	expected-pass	expected-pass	expected-pass
00150.c	expected-pass	expected-pass	expected-pass	expected-pass	expected-pass	expected-pass
00151.c	expected-pass	expected-pass	expected-pass	expected-pass	expected-pass	expected-pass
00152.c	expected-pass	expected-pass	expected-pass	expected-pass	expected-pass	expected-pass
00153.c	expected-pass	expected-pass	expected-pass	expected-pass	expected-pass	expected-pass
00154.c	expected-pass	expected-pass	expected-pass	expected-pass	expected-pass	expected-pass
00155.c	expected-pass	expected-pass	expected-pass	expected-pass	expected-pass	expected-pass
00156.c	expected-pass	expected-pass	expected-pass	expected-pass	expected-pass	expected-pass
00157.c	expected-pass	expected-pass	expected-pass	expected-pass	expected-pass	expected-pass
00158.c	expected-pass	expected-pass	expected-pass	expected-pass	expected-pass	expected-pass
00159.c	expected-pass	expected-pass	expected-pass	expected-pass	expected-pass	expected-pass
00160.c	expected-pass	expected-pass	expected-pass	expected-pass	expected-pass	expected-pass
00161.c	expected-pass	expected-pass	expected-pass	expected-pass	expected-pass	expected-pass
00162.c	expected-pass	expected-pass	expected-pass	expected-pass	expected-pass	expected-pass
00163.c	expected-pass	expected-pass	expected-pass	expected-pass	expected-pass	expected-pass
00164.c	expected-pass	expected-pass	expected-pass	expected-pass	expected-pass	expected-pass
00165.c	expected-pass	expected-pass	expected-pass	expected-pass	expected-pass	expected-pass
00166.c	expected-pass	expected-pass	expected-pass	expected-pass	expected-pass	expected-pass
00167.c	expected-pass	expected-pass	expected-pass	expected-pass	expected-pass	expected-pass
00168.c	expected-pass	expected-pass	expected-pass	expected-pass	expected-pass	expected-pass
00169.c	expected-pass	expected-pass	expected-pass	expected-pass	expected-pass	expected-pass
00170.c	compile-failure	compile-failure	expected-pass	expected-pass	expected-pass	expected-pass
00171.c	expected-pass	expected-pass	expected-pass	expected-pass	expected-pass	expected-pass
00172.c	expected-pass	expected-pass	expected-pass	expected-pass	expected-pass	expected-pass
00173.c	expected-pass	expected-pass	expected-pass	expected-pass	expected-pass	expected-pass
00174.c	expected-pass	expected-pass	expected-pass	expected-pass	expected-pass	expected-pass
00175.c	expected-pass	expected-pass	expected-pass	expected-pass	expected-pass	expected-pass
00176.c	expected-pass	expected-pass	expected-pass	expected-pass	expected-pass	expected-pass
00177.c	expected-pass	expected-pass	expected-pass	expected-pass	expected-pass	expected-pass
00178.c	expected-pass	expected-pass	expected-pass	expected-pass	expected-pass	expected-pass
00179.c	expected-pass	expected-pass	expected-pass	expected-pass	expected-pass	expected-pass
00180.c	expected-pass	expected-pass	expected-pass	expected-pass	expected-pass	expected-pass
00181.c	expected-pass	expected-pass	expected-pass	expected-pass	expected-pass	expected-pass
00182.c	expected-pass	expected-pass	expected-pass	expected-pass	expected-pass	expected-pass
00183.c	expected-pass	expected-pass	expected-pass	expected-pass	expected-pass	expected-pass
00184.c	expected-pass	expected-pass	expected-pass	expected-pass	expected-pass	expected-pass
00185.c	expected-pass	expected-pass	expected-pass	expected-pass	expected-pass	expected-pass
00186.c	expected-pass	expected-pass	expected-pass	expected-pass	expected-pass	expected-pass
00187.c	expected-pass	expected-pass	expected-pass	expected-pass	expected-pass	expected-pass
00188.c	expected-pass	expected-pass	expected-pass	expected-pass	expected-pass	expected-pass
00189.c	expected-pass	expected-pass	expected-pass	expected-pass	expected-pass	expected-pass
00190.c	expected-pass	expected-pass	expected-pass	expected-pass	expected-pass	expected-pass
00191.c	expected-pass	expected-pass	expected-pass	expected-pass	expected-pass	expected-pass
00192.c	expected-pass	expected-pass	expected-pass	expected-pass	expected-pass	expected-pass
00193.c	expected-pass	expected-pass	expected-pass	expected-pass	expected-pass	expected-pass
00194.c	expected-pass	expected-pass	expected-pass	expected-pass	expected-pass	expected-pass
00195.c	expected-pass	expected-pass	expected-pass	expected-pass	expected-pass	expected-pass
00196.c	expected-pass	expected-pass	expected-pass	expected-pass	expected-pass	expected-pass
00197.c	expected-pass	expected-pass	expected-pass	expected-pass	expected-pass	expected-pass
00198.c	expected-pass	expected-pass	expected-pass	expected-pass	expected-pass	expected-pass
00199.c	expected-pass	expected-pass	expected-pass	expected-pass	expected-pass	expected-pass
00200.c	expected-pass	expected-pass	expected-pass	expected-pass	expected-pass	expected-pass
00201.c	expected-pass	expected-pass	expected-pass	expected-pass	expected-pass	expected-pass
00202.c	expected-pass	expected-pass	expected-pass	expected-pass	expected-pass	expected-pass
00203.c	expected-pass	expected-pass	expected-pass	expected-pass	expected-pass	expected-pass
00204.c	compile-failure	compile-failure	expected-pass	expected-pass	expected-pass	expected-pass
00205.c	expected-pass	expected-pass	expected-pass	expected-pass	expected-pass	expected-pass
00206.c	expected-pass	expected-pass	expected-pass	expected-pass	expected-pass	expected-pass
00207.c	expected-pass	expected-pass	expected-pass	expected-pass	expected-pass	expected-pass
00208.c	expected-pass	expected-pass	expected-pass	expected-pass	expected-pass	expected-pass
00209.c	compile-failure	compile-failure	expected-pass	expected-pass	expected-pass	expected-pass
00210.c	compile-failure	compile-failure	expected-pass	expected-pass	expected-pass	expected-pass
00211.c	expected-pass	expected-pass	expected-pass	expected-pass	expected-pass	expected-pass
00212.c	expected-pass	expected-pass	expected-pass	expected-pass	expected-pass	expected-pass
00213.c	compile-failure	compile-failure	expected-pass	expected-pass	expected-pass	expected-pass
00214.c	compile-failure	compile-failure	expected-pass	expected-pass	expected-pass	expected-pass
00215.c	expected-pass	expected-pass	expected-pass	expected-pass	expected-pass	expected-pass
00216.c	compile-failure	compile-failure	expected-pass	expected-pass	expected-pass	expected-pass
00217.c	expected-pass	expected-pass	expected-pass	expected-pass	expected-pass	expected-pass
00218.c	expected-pass	expected-pass	expected-pass	expected-pass	expected-pass	expected-pass
00219.c	expected-pass	expected-pass	expected-pass	expected-pass	expected-pass	expected-pass
00220.c	expected-pass	expected-pass	expected-pass	expected-pass	expected-pass	expected-pass
