case	status	instructions	machine
00001.c.sia	pass	2	LightingMachine
00002.c.sia	pass	5	LightingMachine
00003.c.sia	pass	5	LightingMachine
00004.c.sia	pass	18	LightingMachine
00005.c.sia	pass	74	LightingMachine
00006.c.sia	pass	917	LightingMachine
00007.c.sia	pass	429	LightingMachine
00008.c.sia	pass	902	LightingMachine
00009.c.sia	pass	12	LightingMachine
00010.c.sia	pass	2	LightingMachine
00011.c.sia	pass	2	LightingMachine
00012.c.sia	pass	9	LightingMachine
00013.c.sia	pass	20	LightingMachine
00014.c.sia	pass	23	LightingMachine
00015.c.sia	pass	40	LightingMachine
00016.c.sia	pass	24	LightingMachine
00017.c.sia	pass	28	LightingMachine
00018.c.sia	pass	26	LightingMachine
00019.c.sia	pass	28	LightingMachine
00020.c.sia	pass	22	LightingMachine
00021.c.sia	pass	23	LightingMachine
00022.c.sia	pass	2	LightingMachine
00023.c.sia	pass	8	LightingMachine
00024.c.sia	pass	22	LightingMachine
00026.c.sia	pass	16	LightingMachine
00027.c.sia	pass	7	LightingMachine
00028.c.sia	pass	7	LightingMachine
00029.c.sia	pass	7	LightingMachine
00030.c.sia	pass	202	LightingMachine
00031.c.sia	pass	218	LightingMachine
00032.c.sia	pass	192	LightingMachine
00033.c.sia	pass	268	LightingMachine
00034.c.sia	pass	604	LightingMachine
00035.c.sia	pass	135	LightingMachine
00036.c.sia	pass	79	LightingMachine
00037.c.sia	pass	86	LightingMachine
00038.c.sia	pass	106	LightingMachine
00039.c.sia	pass	37	LightingMachine
00041.c.sia	pass	11297532	LightingMachine
00042.c.sia	pass	74	LightingMachine
00043.c.sia	pass	61	LightingMachine
00044.c.sia	pass	37	LightingMachine
00045.c.sia	pass	76	LightingMachine
00046.c.sia	pass	141	LightingMachine
00047.c.sia	pass	79	LightingMachine
00048.c.sia	pass	53	LightingMachine
00049.c.sia	pass	54	LightingMachine
00050.c.sia	pass	170	LightingMachine
00051.c.sia	pass	54	LightingMachine
00052.c.sia	pass	16	LightingMachine
00053.c.sia	pass	45	LightingMachine
00054.c.sia	pass	68	LightingMachine
00055.c.sia	pass	68	LightingMachine
00057.c.sia	pass	44	LightingMachine
00058.c.sia	pass	225	LightingMachine
00059.c.sia	pass	29	LightingMachine
00060.c.sia	pass	2	LightingMachine
00061.c.sia	pass	2	LightingMachine
00062.c.sia	pass	4	LightingMachine
00063.c.sia	pass	2	LightingMachine
00064.c.sia	pass	7	LightingMachine
00065.c.sia	pass	7	LightingMachine
00066.c.sia	pass	31	LightingMachine
00067.c.sia	pass	4	LightingMachine
00068.c.sia	pass	4	LightingMachine
00069.c.sia	pass	4	LightingMachine
00070.c.sia	pass	4	LightingMachine
00071.c.sia	pass	2	LightingMachine
00072.c.sia	pass	53	LightingMachine
00073.c.sia	pass	53	LightingMachine
00074.c.sia	pass	2	LightingMachine
00075.c.sia	pass	2	LightingMachine
00076.c.sia	pass	64	LightingMachine
00077.c.sia	pass	213	LightingMachine
00078.c.sia	pass	71	LightingMachine
00079.c.sia	pass	25	LightingMachine
00080.c.sia	pass	18	LightingMachine
00081.c.sia	pass	43	LightingMachine
00082.c.sia	pass	43	LightingMachine
00083.c.sia	pass	209	LightingMachine
00084.c.sia	pass	228	LightingMachine
00085.c.sia	pass	107	LightingMachine
00086.c.sia	pass	29	LightingMachine
00087.c.sia	pass	26	LightingMachine
00088.c.sia	pass	20	LightingMachine
00089.c.sia	pass	27	LightingMachine
00090.c.sia	pass	87	LightingMachine
00091.c.sia	pass	99	LightingMachine
00092.c.sia	pass	142	LightingMachine
00093.c.sia	pass	25	LightingMachine
00094.c.sia	pass	2	LightingMachine
00096.c.sia	pass	33	LightingMachine
00097.c.sia	pass	2	LightingMachine
00098.c.sia	pass	2	LightingMachine
00099.c.sia	pass	2	LightingMachine
00100.c.sia	pass	18	LightingMachine
00101.c.sia	pass	17	LightingMachine
00102.c.sia	pass	25	LightingMachine
00103.c.sia	pass	22	LightingMachine
00105.c.sia	pass	622	LightingMachine
00106.c.sia	pass	15	LightingMachine
00107.c.sia	pass	7	LightingMachine
00108.c.sia	pass	2	LightingMachine
00109.c.sia	pass	64	LightingMachine
00110.c.sia	pass	4	LightingMachine
00111.c.sia	pass	9	LightingMachine
00112.c.sia	pass	9	LightingMachine
00113.c.sia	pass	649	LightingMachine
00114.c.sia	pass	2	LightingMachine
00115.c.sia	pass	137	LightingMachine
00116.c.sia	pass	18	LightingMachine
00117.c.sia	pass	24	LightingMachine
00118.c.sia	pass	16	LightingMachine
00119.c.sia	pass	977	LightingMachine
00120.c.sia	pass	2	LightingMachine
00121.c.sia	pass	34	LightingMachine
00122.c.sia	pass	2	LightingMachine
00123.c.sia	pass	977	LightingMachine
00124.c.sia	pass	61	LightingMachine
00126.c.sia	pass	67	LightingMachine
00127.c.sia	pass	64	LightingMachine
00128.c.sia	pass	942	LightingMachine
00129.c.sia	pass	2	LightingMachine
00130.c.sia	pass	157	LightingMachine
00133.c.sia	pass	2	LightingMachine
00134.c.sia	pass	2	LightingMachine
00135.c.sia	pass	2	LightingMachine
00136.c.sia	pass	2	LightingMachine
00137.c.sia	pass	30	LightingMachine
00138.c.sia	pass	34	LightingMachine
00139.c.sia	pass	5	LightingMachine
00140.c.sia	pass	734	LightingMachine
00141.c.sia	pass	2	LightingMachine
00142.c.sia	pass	4	LightingMachine
00143.c.sia	pass	4393	LightingMachine
00145.c.sia	pass	2	LightingMachine
00146.c.sia	pass	53	LightingMachine
00147.c.sia	pass	87	LightingMachine
00148.c.sia	pass	119	LightingMachine
00149.c.sia	pass	55	LightingMachine
00150.c.sia	pass	175	LightingMachine
00151.c.sia	pass	54	LightingMachine
00152.c.sia	pass	2	LightingMachine
00153.c.sia	pass	16	LightingMachine
00155.c.sia	pass	2	LightingMachine
00162.c.sia	pass	2	LightingMachine
