case	profile	cosmic	cosmic-O2	gcc	clang	gcc-O2	clang-O2	assessment
00001.c	reviewed-freestanding	expected-pass	expected-pass	expected-pass	expected-pass	expected-pass	expected-pass	all-match-expected
00002.c	reviewed-freestanding	expected-pass	expected-pass	expected-pass	expected-pass	expected-pass	expected-pass	all-match-expected
00003.c	reviewed-freestanding	expected-pass	expected-pass	expected-pass	expected-pass	expected-pass	expected-pass	all-match-expected
00004.c	reviewed-freestanding	expected-pass	expected-pass	expected-pass	expected-pass	expected-pass	expected-pass	all-match-expected
00005.c	reviewed-freestanding	expected-pass	expected-pass	expected-pass	expected-pass	expected-pass	expected-pass	all-match-expected
00006.c	reviewed-freestanding	expected-pass	expected-pass	expected-pass	expected-pass	expected-pass	expected-pass	all-match-expected
00007.c	reviewed-freestanding	expected-pass	expected-pass	expected-pass	expected-pass	expected-pass	expected-pass	all-match-expected
00008.c	reviewed-freestanding	expected-pass	expected-pass	expected-pass	expected-pass	expected-pass	expected-pass	all-match-expected
00009.c	reviewed-freestanding	expected-pass	expected-pass	expected-pass	expected-pass	expected-pass	expected-pass	all-match-expected
00010.c	reviewed-freestanding	expected-pass	expected-pass	expected-pass	expected-pass	expected-pass	expected-pass	all-match-expected
00011.c	reviewed-freestanding	expected-pass	expected-pass	expected-pass	expected-pass	expected-pass	expected-pass	all-match-expected
00012.c	reviewed-freestanding	expected-pass	expected-pass	expected-pass	expected-pass	expected-pass	expected-pass	all-match-expected
00013.c	reviewed-freestanding	expected-pass	expected-pass	expected-pass	expected-pass	expected-pass	expected-pass	all-match-expected
00014.c	reviewed-freestanding	expected-pass	expected-pass	expected-pass	expected-pass	expected-pass	expected-pass	all-match-expected
00015.c	reviewed-freestanding	expected-pass	expected-pass	expected-pass	expected-pass	expected-pass	expected-pass	all-match-expected
00016.c	reviewed-freestanding	expected-pass	expected-pass	expected-pass	expected-pass	expected-pass	expected-pass	all-match-expected
00017.c	reviewed-freestanding	expected-pass	expected-pass	expected-pass	expected-pass	expected-pass	expected-pass	all-match-expected
00018.c	reviewed-freestanding	expected-pass	expected-pass	expected-pass	expected-pass	expected-pass	expected-pass	all-match-expected
00019.c	reviewed-freestanding	expected-pass	expected-pass	expected-pass	expected-pass	expected-pass	expected-pass	all-match-expected
00020.c	reviewed-freestanding	expected-pass	expected-pass	expected-pass	expected-pass	expected-pass	expected-pass	all-match-expected
00021.c	reviewed-freestanding	expected-pass	expected-pass	expected-pass	expected-pass	expected-pass	expected-pass	all-match-expected
00022.c	reviewed-freestanding	expected-pass	expected-pass	expected-pass	expected-pass	expected-pass	expected-pass	all-match-expected
00023.c	reviewed-freestanding	expected-pass	expected-pass	expected-pass	expected-pass	expected-pass	expected-pass	all-match-expected
00024.c	reviewed-freestanding	expected-pass	expected-pass	expected-pass	expected-pass	expected-pass	expected-pass	all-match-expected
00025.c	outside-reviewed-profile	expected-pass	expected-pass	expected-pass	expected-pass	expected-pass	expected-pass	all-match-expected
00026.c	reviewed-freestanding	expected-pass	expected-pass	expected-pass	expected-pass	expected-pass	expected-pass	all-match-expected
00027.c	reviewed-freestanding	expected-pass	expected-pass	expected-pass	expected-pass	expected-pass	expected-pass	all-match-expected
00028.c	reviewed-freestanding	expected-pass	expected-pass	expected-pass	expected-pass	expected-pass	expected-pass	all-match-expected
00029.c	reviewed-freestanding	expected-pass	expected-pass	expected-pass	expected-pass	expected-pass	expected-pass	all-match-expected
00030.c	reviewed-freestanding	expected-pass	expected-pass	expected-pass	expected-pass	expected-pass	expected-pass	all-match-expected
00031.c	reviewed-freestanding	expected-pass	expected-pass	expected-pass	expected-pass	expected-pass	expected-pass	all-match-expected
00032.c	reviewed-freestanding	expected-pass	expected-pass	expected-pass	expected-pass	expected-pass	expected-pass	all-match-expected
00033.c	reviewed-freestanding	expected-pass	expected-pass	expected-pass	expected-pass	expected-pass	expected-pass	all-match-expected
00034.c	reviewed-freestanding	expected-pass	expected-pass	expected-pass	expected-pass	expected-pass	expected-pass	all-match-expected
00035.c	reviewed-freestanding	expected-pass	expected-pass	expected-pass	expected-pass	expected-pass	expected-pass	all-match-expected
00036.c	reviewed-freestanding	expected-pass	expected-pass	expected-pass	expected-pass	expected-pass	expected-pass	all-match-expected
00037.c	reviewed-freestanding	expected-pass	expected-pass	expected-pass	expected-pass	expected-pass	expected-pass	all-match-expected
00038.c	reviewed-freestanding	expected-pass	expected-pass	expected-pass	expected-pass	expected-pass	expected-pass	all-match-expected
00039.c	reviewed-freestanding	expected-pass	expected-pass	expected-pass	expected-pass	expected-pass	expected-pass	all-match-expected
00040.c	outside-reviewed-profile	expected-pass	expected-pass	expected-pass	expected-pass	expected-pass	expected-pass	all-match-expected
00041.c	reviewed-freestanding	expected-pass	expected-pass	expected-pass	expected-pass	expected-pass	expected-pass	all-match-expected
00042.c	reviewed-freestanding	expected-pass	expected-pass	expected-pass	expected-pass	expected-pass	expected-pass	all-match-expected
00043.c	reviewed-freestanding	expected-pass	expected-pass	expected-pass	expected-pass	expected-pass	expected-pass	all-match-expected
00044.c	reviewed-freestanding	expected-pass	expected-pass	expected-pass	expected-pass	expected-pass	expected-pass	all-match-expected
00045.c	reviewed-freestanding	expected-pass	expected-pass	expected-pass	expected-pass	expected-pass	expected-pass	all-match-expected
00046.c	reviewed-freestanding	expected-pass	expected-pass	expected-pass	expected-pass	expected-pass	expected-pass	all-match-expected
00047.c	reviewed-freestanding	expected-pass	expected-pass	expected-pass	expected-pass	expected-pass	expected-pass	all-match-expected
00048.c	reviewed-freestanding	expected-pass	expected-pass	expected-pass	expected-pass	expected-pass	expected-pass	all-match-expected
00049.c	reviewed-freestanding	expected-pass	expected-pass	expected-pass	expected-pass	expected-pass	expected-pass	all-match-expected
00050.c	reviewed-freestanding	expected-pass	expected-pass	expected-pass	expected-pass	expected-pass	expected-pass	all-match-expected
00051.c	reviewed-freestanding	expected-pass	expected-pass	expected-pass	expected-pass	expected-pass	expected-pass	all-match-expected
00052.c	reviewed-freestanding	expected-pass	expected-pass	expected-pass	expected-pass	expected-pass	expected-pass	all-match-expected
00053.c	reviewed-freestanding	expected-pass	expected-pass	expected-pass	expected-pass	expected-pass	expected-pass	all-match-expected
00054.c	reviewed-freestanding	expected-pass	expected-pass	expected-pass	expected-pass	expected-pass	expected-pass	all-match-expected
00055.c	reviewed-freestanding	expected-pass	expected-pass	expected-pass	expected-pass	expected-pass	expected-pass	all-match-expected
00056.c	outside-reviewed-profile	expected-pass	expected-pass	expected-pass	expected-pass	expected-pass	expected-pass	all-match-expected
00057.c	reviewed-freestanding	expected-pass	expected-pass	expected-pass	expected-pass	expected-pass	expected-pass	all-match-expected
00058.c	reviewed-freestanding	expected-pass	expected-pass	expected-pass	expected-pass	expected-pass	expected-pass	all-match-expected
00059.c	reviewed-freestanding	expected-pass	expected-pass	expected-pass	expected-pass	expected-pass	expected-pass	all-match-expected
00060.c	reviewed-freestanding	expected-pass	expected-pass	expected-pass	expected-pass	expected-pass	expected-pass	all-match-expected
00061.c	reviewed-freestanding	expected-pass	expected-pass	expected-pass	expected-pass	expected-pass	expected-pass	all-match-expected
00062.c	reviewed-freestanding	expected-pass	expected-pass	expected-pass	expected-pass	expected-pass	expected-pass	all-match-expected
00063.c	reviewed-freestanding	expected-pass	expected-pass	expected-pass	expected-pass	expected-pass	expected-pass	all-match-expected
00064.c	reviewed-freestanding	expected-pass	expected-pass	expected-pass	expected-pass	expected-pass	expected-pass	all-match-expected
00065.c	reviewed-freestanding	expected-pass	expected-pass	expected-pass	expected-pass	expected-pass	expected-pass	all-match-expected
00066.c	reviewed-freestanding	expected-pass	expected-pass	expected-pass	expected-pass	expected-pass	expected-pass	all-match-expected
00067.c	reviewed-freestanding	expected-pass	expected-pass	expected-pass	expected-pass	expected-pass	expected-pass	all-match-expected
00068.c	reviewed-freestanding	expected-pass	expected-pass	expected-pass	expected-pass	expected-pass	expected-pass	all-match-expected
00069.c	reviewed-freestanding	expected-pass	expected-pass	expected-pass	expected-pass	expected-pass	expected-pass	all-match-expected
00070.c	reviewed-freestanding	expected-pass	expected-pass	expected-pass	expected-pass	expected-pass	expected-pass	all-match-expected
00071.c	reviewed-freestanding	expected-pass	expected-pass	expected-pass	expected-pass	expected-pass	expected-pass	all-match-expected
00072.c	reviewed-freestanding	expected-pass	expected-pass	expected-pass	expected-pass	expected-pass	expected-pass	all-match-expected
00073.c	reviewed-freestanding	expected-pass	expected-pass	expected-pass	expected-pass	expected-pass	expected-pass	all-match-expected
00074.c	reviewed-freestanding	expected-pass	expected-pass	expected-pass	expected-pass	expected-pass	expected-pass	all-match-expected
00075.c	reviewed-freestanding	expected-pass	expected-pass	expected-pass	expected-pass	expected-pass	expected-pass	all-match-expected
00076.c	reviewed-freestanding	expected-pass	expected-pass	expected-pass	expected-pass	expected-pass	expected-pass	all-match-expected
00077.c	reviewed-freestanding	expected-pass	expected-pass	expected-pass	expected-pass	expected-pass	expected-pass	all-match-expected
00078.c	reviewed-freestanding	expected-pass	expected-pass	expected-pass	expected-pass	expected-pass	expected-pass	all-match-expected
00079.c	reviewed-freestanding	expected-pass	expected-pass	expected-pass	expected-pass	expected-pass	expected-pass	all-match-expected
00080.c	reviewed-freestanding	expected-pass	expected-pass	expected-pass	expected-pass	expected-pass	expected-pass	all-match-expected
00081.c	reviewed-freestanding	expected-pass	expected-pass	expected-pass	expected-pass	expected-pass	expected-pass	all-match-expected
00082.c	reviewed-freestanding	expected-pass	expected-pass	expected-pass	expected-pass	expected-pass	expected-pass	all-match-expected
00083.c	reviewed-freestanding	expected-pass	expected-pass	expected-pass	expected-pass	expected-pass	expected-pass	all-match-expected
00084.c	reviewed-freestanding	expected-pass	expected-pass	expected-pass	expected-pass	expected-pass	expected-pass	all-match-expected
00085.c	reviewed-freestanding	expected-pass	expected-pass	expected-pass	expected-pass	expected-pass	expected-pass	all-match-expected
00086.c	reviewed-freestanding	expected-pass	expected-pass	expected-pass	expected-pass	expected-pass	expected-pass	all-match-expected
00087.c	reviewed-freestanding	expected-pass	expected-pass	expected-pass	expected-pass	expected-pass	expected-pass	all-match-expected
00088.c	reviewed-freestanding	expected-pass	expected-pass	expected-pass	expected-pass	expected-pass	expected-pass	all-match-expected
00089.c	reviewed-freestanding	expected-pass	expected-pass	expected-pass	expected-pass	expected-pass	expected-pass	all-match-expected
00090.c	reviewed-freestanding	expected-pass	expected-pass	expected-pass	expected-pass	expected-pass	expected-pass	all-match-expected
00091.c	reviewed-freestanding	expected-pass	expected-pass	expected-pass	expected-pass	expected-pass	expected-pass	all-match-expected
00092.c	reviewed-freestanding	expected-pass	expected-pass	expected-pass	expected-pass	expected-pass	expected-pass	all-match-expected
00093.c	reviewed-freestanding	expected-pass	expected-pass	expected-pass	expected-pass	expected-pass	expected-pass	all-match-expected
00094.c	reviewed-freestanding	expected-pass	expected-pass	expected-pass	expected-pass	expected-pass	expected-pass	all-match-expected
00095.c	outside-reviewed-profile	compile-failure	compile-failure	expected-pass	expected-pass	expected-pass	expected-pass	cosmic-gap-reference-consensus
00096.c	reviewed-freestanding	expected-pass	expected-pass	expected-pass	expected-pass	expected-pass	expected-pass	all-match-expected
00097.c	reviewed-freestanding	expected-pass	expected-pass	expected-pass	expected-pass	expected-pass	expected-pass	all-match-expected
00098.c	reviewed-freestanding	expected-pass	expected-pass	expected-pass	expected-pass	expected-pass	expected-pass	all-match-expected
00099.c	reviewed-freestanding	expected-pass	expected-pass	expected-pass	expected-pass	expected-pass	expected-pass	all-match-expected
00100.c	reviewed-freestanding	expected-pass	expected-pass	expected-pass	expected-pass	expected-pass	expected-pass	all-match-expected
00101.c	reviewed-freestanding	expected-pass	expected-pass	expected-pass	expected-pass	expected-pass	expected-pass	all-match-expected
00102.c	reviewed-freestanding	expected-pass	expected-pass	expected-pass	expected-pass	expected-pass	expected-pass	all-match-expected
00103.c	reviewed-freestanding	expected-pass	expected-pass	expected-pass	expected-pass	expected-pass	expected-pass	all-match-expected
00104.c	outside-reviewed-profile	compile-failure	compile-failure	expected-pass	expected-pass	expected-pass	expected-pass	cosmic-gap-reference-consensus
00105.c	reviewed-freestanding	expected-pass	expected-pass	expected-pass	expected-pass	expected-pass	expected-pass	all-match-expected
00106.c	reviewed-freestanding	expected-pass	expected-pass	expected-pass	expected-pass	expected-pass	expected-pass	all-match-expected
00107.c	reviewed-freestanding	expected-pass	expected-pass	expected-pass	expected-pass	expected-pass	expected-pass	all-match-expected
00108.c	reviewed-freestanding	expected-pass	expected-pass	expected-pass	expected-pass	expected-pass	expected-pass	all-match-expected
00109.c	reviewed-freestanding	expected-pass	expected-pass	expected-pass	expected-pass	expected-pass	expected-pass	all-match-expected
00110.c	reviewed-freestanding	expected-pass	expected-pass	expected-pass	expected-pass	expected-pass	expected-pass	all-match-expected
00111.c	reviewed-freestanding	expected-pass	expected-pass	expected-pass	expected-pass	expected-pass	expected-pass	all-match-expected
00112.c	reviewed-freestanding	expected-pass	expected-pass	expected-pass	expected-pass	expected-pass	expected-pass	all-match-expected
00113.c	reviewed-freestanding	expected-pass	expected-pass	expected-pass	expected-pass	expected-pass	expected-pass	all-match-expected
00114.c	reviewed-freestanding	expected-pass	expected-pass	expected-pass	expected-pass	expected-pass	expected-pass	all-match-expected
00115.c	reviewed-freestanding	expected-pass	expected-pass	expected-pass	expected-pass	expected-pass	expected-pass	all-match-expected
00116.c	reviewed-freestanding	expected-pass	expected-pass	expected-pass	expected-pass	expected-pass	expected-pass	all-match-expected
00117.c	reviewed-freestanding	expected-pass	expected-pass	expected-pass	expected-pass	expected-pass	expected-pass	all-match-expected
00118.c	reviewed-freestanding	expected-pass	expected-pass	expected-pass	expected-pass	expected-pass	expected-pass	all-match-expected
00119.c	reviewed-freestanding	expected-pass	expected-pass	expected-pass	expected-pass	expected-pass	expected-pass	all-match-expected
00120.c	reviewed-freestanding	expected-pass	expected-pass	expected-pass	expected-pass	expected-pass	expected-pass	all-match-expected
00121.c	reviewed-freestanding	expected-pass	expected-pass	expected-pass	expected-pass	expected-pass	expected-pass	all-match-expected
00122.c	reviewed-freestanding	expected-pass	expected-pass	expected-pass	expected-pass	expected-pass	expected-pass	all-match-expected
00123.c	reviewed-freestanding	expected-pass	expected-pass	expected-pass	expected-pass	expected-pass	expected-pass	all-match-expected
00124.c	reviewed-freestanding	expected-pass	expected-pass	expected-pass	expected-pass	expected-pass	expected-pass	all-match-expected
00125.c	outside-reviewed-profile	expected-pass	expected-pass	expected-pass	expected-pass	expected-pass	expected-pass	all-match-expected
00126.c	reviewed-freestanding	expected-pass	expected-pass	expected-pass	expected-pass	expected-pass	expected-pass	all-match-expected
00127.c	reviewed-freestanding	expected-pass	expected-pass	expected-pass	expected-pass	expected-pass	expected-pass	all-match-expected
00128.c	reviewed-freestanding	expected-pass	expected-pass	expected-pass	expected-pass	expected-pass	expected-pass	all-match-expected
00129.c	reviewed-freestanding	expected-pass	expected-pass	expected-pass	expected-pass	expected-pass	expected-pass	all-match-expected
00130.c	reviewed-freestanding	expected-pass	expected-pass	expected-pass	expected-pass	expected-pass	expected-pass	all-match-expected
00131.c	outside-reviewed-profile	expected-pass	expected-pass	expected-pass	expected-pass	expected-pass	expected-pass	all-match-expected
00132.c	outside-reviewed-profile	expected-pass	expected-pass	expected-pass	expected-pass	expected-pass	expected-pass	all-match-expected
00133.c	reviewed-freestanding	expected-pass	expected-pass	expected-pass	expected-pass	expected-pass	expected-pass	all-match-expected
00134.c	reviewed-freestanding	expected-pass	expected-pass	expected-pass	expected-pass	expected-pass	expected-pass	all-match-expected
00135.c	reviewed-freestanding	expected-pass	expected-pass	expected-pass	expected-pass	expected-pass	expected-pass	all-match-expected
00136.c	reviewed-freestanding	expected-pass	expected-pass	expected-pass	expected-pass	expected-pass	expected-pass	all-match-expected
00137.c	reviewed-freestanding	expected-pass	expected-pass	expected-pass	expected-pass	expected-pass	expected-pass	all-match-expected
00138.c	reviewed-freestanding	expected-pass	expected-pass	expected-pass	expected-pass	expected-pass	expected-pass	all-match-expected
00139.c	reviewed-freestanding	expected-pass	expected-pass	expected-pass	expected-pass	expected-pass	expected-pass	all-match-expected
00140.c	reviewed-freestanding	expected-pass	expected-pass	expected-pass	expected-pass	expected-pass	expected-pass	all-match-expected
00141.c	reviewed-freestanding	expected-pass	expected-pass	expected-pass	expected-pass	expected-pass	expected-pass	all-match-expected
00142.c	reviewed-freestanding	expected-pass	expected-pass	expected-pass	expected-pass	expected-pass	expected-pass	all-match-expected
00143.c	reviewed-freestanding	expected-pass	expected-pass	expected-pass	expected-pass	expected-pass	expected-pass	all-match-expected
00144.c	reviewed-freestanding	compile-failure	compile-failure	expected-pass	expected-pass	expected-pass	expected-pass	reviewed-undefined-or-constraint-boundary
00145.c	reviewed-freestanding	expected-pass	expected-pass	expected-pass	expected-pass	expected-pass	expected-pass	all-match-expected
00146.c	reviewed-freestanding	expected-pass	expected-pass	expected-pass	expected-pass	expected-pass	expected-pass	all-match-expected
00147.c	reviewed-freestanding	expected-pass	expected-pass	expected-pass	expected-pass	expected-pass	expected-pass	all-match-expected
00148.c	reviewed-freestanding	expected-pass	expected-pass	expected-pass	expected-pass	expected-pass	expected-pass	all-match-expected
00149.c	reviewed-freestanding	expected-pass	expected-pass	expected-pass	expected-pass	expected-pass	expected-pass	all-match-expected
00150.c	reviewed-freestanding	expected-pass	expected-pass	expected-pass	expected-pass	expected-pass	expected-pass	all-match-expected
00151.c	reviewed-freestanding	expected-pass	expected-pass	expected-pass	expected-pass	expected-pass	expected-pass	all-match-expected
00152.c	reviewed-freestanding	expected-pass	expected-pass	expected-pass	expected-pass	expected-pass	expected-pass	all-match-expected
00153.c	reviewed-freestanding	expected-pass	expected-pass	expected-pass	expected-pass	expected-pass	expected-pass	all-match-expected
00154.c	outside-reviewed-profile	expected-pass	expected-pass	expected-pass	expected-pass	expected-pass	expected-pass	all-match-expected
00155.c	reviewed-freestanding	expected-pass	expected-pass	expected-pass	expected-pass	expected-pass	expected-pass	all-match-expected
00156.c	outside-reviewed-profile	expected-pass	expected-pass	expected-pass	expected-pass	expected-pass	expected-pass	all-match-expected
00157.c	outside-reviewed-profile	expected-pass	expected-pass	expected-pass	expected-pass	expected-pass	expected-pass	all-match-expected
00158.c	outside-reviewed-profile	expected-pass	expected-pass	expected-pass	expected-pass	expected-pass	expected-pass	all-match-expected
00159.c	outside-reviewed-profile	expected-pass	expected-pass	expected-pass	expected-pass	expected-pass	expected-pass	all-match-expected
00160.c	outside-reviewed-profile	expected-pass	expected-pass	expected-pass	expected-pass	expected-pass	expected-pass	all-match-expected
00161.c	outside-reviewed-profile	expected-pass	expected-pass	expected-pass	expected-pass	expected-pass	expected-pass	all-match-expected
00162.c	reviewed-freestanding	expected-pass	expected-pass	expected-pass	expected-pass	expected-pass	expected-pass	all-match-expected
00163.c	outside-reviewed-profile	expected-pass	expected-pass	expected-pass	expected-pass	expected-pass	expected-pass	all-match-expected
00164.c	outside-reviewed-profile	expected-pass	expected-pass	expected-pass	expected-pass	expected-pass	expected-pass	all-match-expected
00165.c	outside-reviewed-profile	expected-pass	expected-pass	expected-pass	expected-pass	expected-pass	expected-pass	all-match-expected
00166.c	outside-reviewed-profile	expected-pass	expected-pass	expected-pass	expected-pass	expected-pass	expected-pass	all-match-expected
00167.c	outside-reviewed-profile	expected-pass	expected-pass	expected-pass	expected-pass	expected-pass	expected-pass	all-match-expected
00168.c	outside-reviewed-profile	expected-pass	expected-pass	expected-pass	expected-pass	expected-pass	expected-pass	all-match-expected
00169.c	outside-reviewed-profile	expected-pass	expected-pass	expected-pass	expected-pass	expected-pass	expected-pass	all-match-expected
00170.c	outside-reviewed-profile	compile-failure	compile-failure	expected-pass	expected-pass	expected-pass	expected-pass	cosmic-gap-reference-consensus
00171.c	outside-reviewed-profile	expected-pass	expected-pass	expected-pass	expected-pass	expected-pass	expected-pass	all-match-expected
00172.c	outside-reviewed-profile	expected-pass	expected-pass	expected-pass	expected-pass	expected-pass	expected-pass	all-match-expected
00173.c	outside-reviewed-profile	expected-pass	expected-pass	expected-pass	expected-pass	expected-pass	expected-pass	all-match-expected
00174.c	outside-reviewed-profile	compile-failure	compile-failure	expected-pass	expected-pass	expected-pass	expected-pass	cosmic-gap-reference-consensus
00175.c	outside-reviewed-profile	expected-pass	expected-pass	expected-pass	expected-pass	expected-pass	expected-pass	all-match-expected
00176.c	outside-reviewed-profile	expected-pass	expected-pass	expected-pass	expected-pass	expected-pass	expected-pass	all-match-expected
00177.c	outside-reviewed-profile	expected-pass	expected-pass	expected-pass	expected-pass	expected-pass	expected-pass	all-match-expected
00178.c	outside-reviewed-profile	expected-pass	expected-pass	expected-pass	expected-pass	expected-pass	expected-pass	reviewed-undefined-or-constraint-boundary
00179.c	outside-reviewed-profile	compile-failure	compile-failure	expected-pass	expected-pass	expected-pass	expected-pass	cosmic-gap-reference-consensus
00180.c	outside-reviewed-profile	expected-pass	expected-pass	expected-pass	expected-pass	expected-pass	expected-pass	all-match-expected
00181.c	outside-reviewed-profile	expected-pass	expected-pass	expected-pass	expected-pass	expected-pass	expected-pass	all-match-expected
00182.c	outside-reviewed-profile	expected-pass	expected-pass	expected-pass	expected-pass	expected-pass	expected-pass	all-match-expected
00183.c	outside-reviewed-profile	expected-pass	expected-pass	expected-pass	expected-pass	expected-pass	expected-pass	all-match-expected
00184.c	outside-reviewed-profile	expected-pass	expected-pass	expected-pass	expected-pass	expected-pass	expected-pass	all-match-expected
00185.c	outside-reviewed-profile	expected-pass	expected-pass	expected-pass	expected-pass	expected-pass	expected-pass	all-match-expected
00186.c	outside-reviewed-profile	compile-failure	compile-failure	expected-pass	expected-pass	expected-pass	expected-pass	cosmic-gap-reference-consensus
00187.c	outside-reviewed-profile	compile-failure	compile-failure	expected-pass	expected-pass	expected-pass	expected-pass	cosmic-gap-reference-consensus
00188.c	outside-reviewed-profile	expected-pass	expected-pass	expected-pass	expected-pass	expected-pass	expected-pass	all-match-expected
00189.c	outside-reviewed-profile	compile-failure	compile-failure	expected-pass	expected-pass	expected-pass	expected-pass	cosmic-gap-reference-consensus
00190.c	outside-reviewed-profile	expected-pass	expected-pass	expected-pass	expected-pass	expected-pass	expected-pass	all-match-expected
00191.c	outside-reviewed-profile	expected-pass	expected-pass	expected-pass	expected-pass	expected-pass	expected-pass	all-match-expected
00192.c	outside-reviewed-profile	expected-pass	expected-pass	expected-pass	expected-pass	expected-pass	expected-pass	all-match-expected
00193.c	outside-reviewed-profile	expected-pass	expected-pass	expected-pass	expected-pass	expected-pass	expected-pass	all-match-expected
00194.c	outside-reviewed-profile	expected-pass	expected-pass	expected-pass	expected-pass	expected-pass	expected-pass	all-match-expected
00195.c	outside-reviewed-profile	expected-pass	expected-pass	expected-pass	expected-pass	expected-pass	expected-pass	all-match-expected
00196.c	outside-reviewed-profile	expected-pass	expected-pass	expected-pass	expected-pass	expected-pass	expected-pass	all-match-expected
00197.c	outside-reviewed-profile	expected-pass	expected-pass	expected-pass	expected-pass	expected-pass	expected-pass	all-match-expected
00198.c	outside-reviewed-profile	expected-pass	expected-pass	expected-pass	expected-pass	expected-pass	expected-pass	all-match-expected
00199.c	outside-reviewed-profile	expected-pass	expected-pass	expected-pass	expected-pass	expected-pass	expected-pass	all-match-expected
00200.c	outside-reviewed-profile	expected-pass	expected-pass	expected-pass	expected-pass	expected-pass	expected-pass	reviewed-undefined-or-constraint-boundary
00201.c	outside-reviewed-profile	compile-failure	compile-failure	expected-pass	expected-pass	expected-pass	expected-pass	cosmic-gap-reference-consensus
00202.c	outside-reviewed-profile	expected-pass	expected-pass	expected-pass	expected-pass	expected-pass	expected-pass	all-match-expected
00203.c	outside-reviewed-profile	expected-pass	expected-pass	expected-pass	expected-pass	expected-pass	expected-pass	all-match-expected
00204.c	outside-reviewed-profile	compile-failure	compile-failure	expected-pass	expected-pass	expected-pass	expected-pass	cosmic-gap-reference-consensus
00205.c	outside-reviewed-profile	compile-failure	compile-failure	expected-pass	expected-pass	expected-pass	expected-pass	cosmic-gap-reference-consensus
00206.c	outside-reviewed-profile	expected-pass	expected-pass	expected-pass	expected-pass	expected-pass	expected-pass	all-match-expected
00207.c	outside-reviewed-profile	compile-failure	compile-failure	expected-pass	expected-pass	expected-pass	expected-pass	cosmic-gap-reference-consensus
00208.c	outside-reviewed-profile	expected-pass	expected-pass	expected-pass	expected-pass	expected-pass	expected-pass	all-match-expected
00209.c	outside-reviewed-profile	compile-failure	compile-failure	expected-pass	expected-pass	expected-pass	expected-pass	cosmic-gap-reference-consensus
00210.c	outside-reviewed-profile	compile-failure	compile-failure	expected-pass	expected-pass	expected-pass	expected-pass	cosmic-gap-reference-consensus
00211.c	outside-reviewed-profile	expected-pass	expected-pass	expected-pass	expected-pass	expected-pass	expected-pass	all-match-expected
00212.c	outside-reviewed-profile	expected-pass	expected-pass	expected-pass	expected-pass	expected-pass	expected-pass	all-match-expected
00213.c	outside-reviewed-profile	compile-failure	compile-failure	expected-pass	expected-pass	expected-pass	expected-pass	cosmic-gap-reference-consensus
00214.c	outside-reviewed-profile	compile-failure	compile-failure	expected-pass	expected-pass	expected-pass	expected-pass	cosmic-gap-reference-consensus
00215.c	outside-reviewed-profile	expected-pass	expected-pass	expected-pass	expected-pass	expected-pass	expected-pass	all-match-expected
00216.c	outside-reviewed-profile	compile-failure	compile-failure	expected-pass	expected-pass	expected-pass	expected-pass	cosmic-gap-reference-consensus
00217.c	outside-reviewed-profile	expected-pass	expected-pass	expected-pass	expected-pass	expected-pass	expected-pass	all-match-expected
00218.c	outside-reviewed-profile	compile-failure	compile-failure	expected-pass	expected-pass	expected-pass	expected-pass	cosmic-gap-reference-consensus
00219.c	outside-reviewed-profile	compile-failure	compile-failure	expected-pass	expected-pass	expected-pass	expected-pass	cosmic-gap-reference-consensus
00220.c	outside-reviewed-profile	compile-failure	compile-failure	expected-pass	expected-pass	expected-pass	expected-pass	cosmic-gap-reference-consensus
