case	profile	assessment	cosmic	cosmic-O2	gcc	gcc-O2	clang	clang-O2	review_notes
00001.c	reviewed-freestanding	all-match-expected	expected-pass	expected-pass	expected-pass	expected-pass	expected-pass	expected-pass	
00002.c	reviewed-freestanding	all-match-expected	expected-pass	expected-pass	expected-pass	expected-pass	expected-pass	expected-pass	
00003.c	reviewed-freestanding	all-match-expected	expected-pass	expected-pass	expected-pass	expected-pass	expected-pass	expected-pass	
00004.c	reviewed-freestanding	all-match-expected	expected-pass	expected-pass	expected-pass	expected-pass	expected-pass	expected-pass	
00005.c	reviewed-freestanding	all-match-expected	expected-pass	expected-pass	expected-pass	expected-pass	expected-pass	expected-pass	
00006.c	reviewed-freestanding	all-match-expected	expected-pass	expected-pass	expected-pass	expected-pass	expected-pass	expected-pass	
00007.c	reviewed-freestanding	all-match-expected	expected-pass	expected-pass	expected-pass	expected-pass	expected-pass	expected-pass	
00008.c	reviewed-freestanding	all-match-expected	expected-pass	expected-pass	expected-pass	expected-pass	expected-pass	expected-pass	
00009.c	reviewed-freestanding	all-match-expected	expected-pass	expected-pass	expected-pass	expected-pass	expected-pass	expected-pass	
00010.c	reviewed-freestanding	all-match-expected	expected-pass	expected-pass	expected-pass	expected-pass	expected-pass	expected-pass	
00011.c	reviewed-freestanding	all-match-expected	expected-pass	expected-pass	expected-pass	expected-pass	expected-pass	expected-pass	
00012.c	reviewed-freestanding	all-match-expected	expected-pass	expected-pass	expected-pass	expected-pass	expected-pass	expected-pass	
00013.c	reviewed-freestanding	all-match-expected	expected-pass	expected-pass	expected-pass	expected-pass	expected-pass	expected-pass	
00014.c	reviewed-freestanding	all-match-expected	expected-pass	expected-pass	expected-pass	expected-pass	expected-pass	expected-pass	
00015.c	reviewed-freestanding	all-match-expected	expected-pass	expected-pass	expected-pass	expected-pass	expected-pass	expected-pass	
00016.c	reviewed-freestanding	all-match-expected	expected-pass	expected-pass	expected-pass	expected-pass	expected-pass	expected-pass	
00017.c	reviewed-freestanding	all-match-expected	expected-pass	expected-pass	expected-pass	expected-pass	expected-pass	expected-pass	
00018.c	reviewed-freestanding	all-match-expected	expected-pass	expected-pass	expected-pass	expected-pass	expected-pass	expected-pass	
00019.c	reviewed-freestanding	all-match-expected	expected-pass	expected-pass	expected-pass	expected-pass	expected-pass	expected-pass	
00020.c	reviewed-freestanding	all-match-expected	expected-pass	expected-pass	expected-pass	expected-pass	expected-pass	expected-pass	
00021.c	reviewed-freestanding	all-match-expected	expected-pass	expected-pass	expected-pass	expected-pass	expected-pass	expected-pass	
00022.c	reviewed-freestanding	all-match-expected	expected-pass	expected-pass	expected-pass	expected-pass	expected-pass	expected-pass	
00023.c	reviewed-freestanding	all-match-expected	expected-pass	expected-pass	expected-pass	expected-pass	expected-pass	expected-pass	
00024.c	reviewed-freestanding	all-match-expected	expected-pass	expected-pass	expected-pass	expected-pass	expected-pass	expected-pass	
00025.c	outside-reviewed-profile	all-match-expected	expected-pass	expected-pass	expected-pass	expected-pass	expected-pass	expected-pass	
00026.c	reviewed-freestanding	all-match-expected	expected-pass	expected-pass	expected-pass	expected-pass	expected-pass	expected-pass	
00027.c	reviewed-freestanding	all-match-expected	expected-pass	expected-pass	expected-pass	expected-pass	expected-pass	expected-pass	
00028.c	reviewed-freestanding	all-match-expected	expected-pass	expected-pass	expected-pass	expected-pass	expected-pass	expected-pass	
00029.c	reviewed-freestanding	all-match-expected	expected-pass	expected-pass	expected-pass	expected-pass	expected-pass	expected-pass	
00030.c	reviewed-freestanding	all-match-expected	expected-pass	expected-pass	expected-pass	expected-pass	expected-pass	expected-pass	
00031.c	reviewed-freestanding	all-match-expected	expected-pass	expected-pass	expected-pass	expected-pass	expected-pass	expected-pass	
00032.c	reviewed-freestanding	all-match-expected	expected-pass	expected-pass	expected-pass	expected-pass	expected-pass	expected-pass	
00033.c	reviewed-freestanding	all-match-expected	expected-pass	expected-pass	expected-pass	expected-pass	expected-pass	expected-pass	
00034.c	reviewed-freestanding	all-match-expected	expected-pass	expected-pass	expected-pass	expected-pass	expected-pass	expected-pass	
00035.c	reviewed-freestanding	all-match-expected	expected-pass	expected-pass	expected-pass	expected-pass	expected-pass	expected-pass	
00036.c	reviewed-freestanding	all-match-expected	expected-pass	expected-pass	expected-pass	expected-pass	expected-pass	expected-pass	
00037.c	reviewed-freestanding	all-match-expected	expected-pass	expected-pass	expected-pass	expected-pass	expected-pass	expected-pass	
00038.c	reviewed-freestanding	all-match-expected	expected-pass	expected-pass	expected-pass	expected-pass	expected-pass	expected-pass	
00039.c	reviewed-freestanding	all-match-expected	expected-pass	expected-pass	expected-pass	expected-pass	expected-pass	expected-pass	
00040.c	outside-reviewed-profile	all-match-expected	expected-pass	expected-pass	expected-pass	expected-pass	expected-pass	expected-pass	
00041.c	reviewed-freestanding	all-match-expected	expected-pass	expected-pass	expected-pass	expected-pass	expected-pass	expected-pass	
00042.c	reviewed-freestanding	all-match-expected	expected-pass	expected-pass	expected-pass	expected-pass	expected-pass	expected-pass	
00043.c	reviewed-freestanding	all-match-expected	expected-pass	expected-pass	expected-pass	expected-pass	expected-pass	expected-pass	
00044.c	reviewed-freestanding	all-match-expected	expected-pass	expected-pass	expected-pass	expected-pass	expected-pass	expected-pass	
00045.c	reviewed-freestanding	all-match-expected	expected-pass	expected-pass	expected-pass	expected-pass	expected-pass	expected-pass	
00046.c	reviewed-freestanding	all-match-expected	expected-pass	expected-pass	expected-pass	expected-pass	expected-pass	expected-pass	
00047.c	reviewed-freestanding	all-match-expected	expected-pass	expected-pass	expected-pass	expected-pass	expected-pass	expected-pass	
00048.c	reviewed-freestanding	all-match-expected	expected-pass	expected-pass	expected-pass	expected-pass	expected-pass	expected-pass	
00049.c	reviewed-freestanding	all-match-expected	expected-pass	expected-pass	expected-pass	expected-pass	expected-pass	expected-pass	
00050.c	reviewed-freestanding	all-match-expected	expected-pass	expected-pass	expected-pass	expected-pass	expected-pass	expected-pass	
00051.c	reviewed-freestanding	all-match-expected	expected-pass	expected-pass	expected-pass	expected-pass	expected-pass	expected-pass	
00052.c	reviewed-freestanding	all-match-expected	expected-pass	expected-pass	expected-pass	expected-pass	expected-pass	expected-pass	
00053.c	reviewed-freestanding	all-match-expected	expected-pass	expected-pass	expected-pass	expected-pass	expected-pass	expected-pass	
00054.c	reviewed-freestanding	all-match-expected	expected-pass	expected-pass	expected-pass	expected-pass	expected-pass	expected-pass	
00055.c	reviewed-freestanding	all-match-expected	expected-pass	expected-pass	expected-pass	expected-pass	expected-pass	expected-pass	
00056.c	outside-reviewed-profile	all-match-expected	expected-pass	expected-pass	expected-pass	expected-pass	expected-pass	expected-pass	
00057.c	reviewed-freestanding	all-match-expected	expected-pass	expected-pass	expected-pass	expected-pass	expected-pass	expected-pass	
00058.c	reviewed-freestanding	all-match-expected	expected-pass	expected-pass	expected-pass	expected-pass	expected-pass	expected-pass	
00059.c	reviewed-freestanding	all-match-expected	expected-pass	expected-pass	expected-pass	expected-pass	expected-pass	expected-pass	
00060.c	reviewed-freestanding	all-match-expected	expected-pass	expected-pass	expected-pass	expected-pass	expected-pass	expected-pass	
00061.c	reviewed-freestanding	all-match-expected	expected-pass	expected-pass	expected-pass	expected-pass	expected-pass	expected-pass	
00062.c	reviewed-freestanding	all-match-expected	expected-pass	expected-pass	expected-pass	expected-pass	expected-pass	expected-pass	
00063.c	reviewed-freestanding	all-match-expected	expected-pass	expected-pass	expected-pass	expected-pass	expected-pass	expected-pass	
00064.c	reviewed-freestanding	all-match-expected	expected-pass	expected-pass	expected-pass	expected-pass	expected-pass	expected-pass	
00065.c	reviewed-freestanding	all-match-expected	expected-pass	expected-pass	expected-pass	expected-pass	expected-pass	expected-pass	
00066.c	reviewed-freestanding	all-match-expected	expected-pass	expected-pass	expected-pass	expected-pass	expected-pass	expected-pass	
00067.c	reviewed-freestanding	all-match-expected	expected-pass	expected-pass	expected-pass	expected-pass	expected-pass	expected-pass	
00068.c	reviewed-freestanding	all-match-expected	expected-pass	expected-pass	expected-pass	expected-pass	expected-pass	expected-pass	
00069.c	reviewed-freestanding	all-match-expected	expected-pass	expected-pass	expected-pass	expected-pass	expected-pass	expected-pass	
00070.c	reviewed-freestanding	all-match-expected	expected-pass	expected-pass	expected-pass	expected-pass	expected-pass	expected-pass	
00071.c	reviewed-freestanding	all-match-expected	expected-pass	expected-pass	expected-pass	expected-pass	expected-pass	expected-pass	
00072.c	reviewed-freestanding	all-match-expected	expected-pass	expected-pass	expected-pass	expected-pass	expected-pass	expected-pass	
00073.c	reviewed-freestanding	all-match-expected	expected-pass	expected-pass	expected-pass	expected-pass	expected-pass	expected-pass	
00074.c	reviewed-freestanding	all-match-expected	expected-pass	expected-pass	expected-pass	expected-pass	expected-pass	expected-pass	
00075.c	reviewed-freestanding	all-match-expected	expected-pass	expected-pass	expected-pass	expected-pass	expected-pass	expected-pass	
00076.c	reviewed-freestanding	all-match-expected	expected-pass	expected-pass	expected-pass	expected-pass	expected-pass	expected-pass	
00077.c	reviewed-freestanding	all-match-expected	expected-pass	expected-pass	expected-pass	expected-pass	expected-pass	expected-pass	
00078.c	reviewed-freestanding	all-match-expected	expected-pass	expected-pass	expected-pass	expected-pass	expected-pass	expected-pass	
00079.c	reviewed-freestanding	all-match-expected	expected-pass	expected-pass	expected-pass	expected-pass	expected-pass	expected-pass	
00080.c	reviewed-freestanding	all-match-expected	expected-pass	expected-pass	expected-pass	expected-pass	expected-pass	expected-pass	
00081.c	reviewed-freestanding	all-match-expected	expected-pass	expected-pass	expected-pass	expected-pass	expected-pass	expected-pass	
00082.c	reviewed-freestanding	all-match-expected	expected-pass	expected-pass	expected-pass	expected-pass	expected-pass	expected-pass	
00083.c	reviewed-freestanding	all-match-expected	expected-pass	expected-pass	expected-pass	expected-pass	expected-pass	expected-pass	
00084.c	reviewed-freestanding	all-match-expected	expected-pass	expected-pass	expected-pass	expected-pass	expected-pass	expected-pass	
00085.c	reviewed-freestanding	all-match-expected	expected-pass	expected-pass	expected-pass	expected-pass	expected-pass	expected-pass	
00086.c	reviewed-freestanding	all-match-expected	expected-pass	expected-pass	expected-pass	expected-pass	expected-pass	expected-pass	
00087.c	reviewed-freestanding	all-match-expected	expected-pass	expected-pass	expected-pass	expected-pass	expected-pass	expected-pass	
00088.c	reviewed-freestanding	all-match-expected	expected-pass	expected-pass	expected-pass	expected-pass	expected-pass	expected-pass	
00089.c	reviewed-freestanding	all-match-expected	expected-pass	expected-pass	expected-pass	expected-pass	expected-pass	expected-pass	
00090.c	reviewed-freestanding	all-match-expected	expected-pass	expected-pass	expected-pass	expected-pass	expected-pass	expected-pass	
00091.c	reviewed-freestanding	all-match-expected	expected-pass	expected-pass	expected-pass	expected-pass	expected-pass	expected-pass	
00092.c	reviewed-freestanding	all-match-expected	expected-pass	expected-pass	expected-pass	expected-pass	expected-pass	expected-pass	
00093.c	reviewed-freestanding	all-match-expected	expected-pass	expected-pass	expected-pass	expected-pass	expected-pass	expected-pass	
00094.c	reviewed-freestanding	all-match-expected	expected-pass	expected-pass	expected-pass	expected-pass	expected-pass	expected-pass	
00095.c	outside-reviewed-profile	cosmic-gap-reference-consensus	compile-failure	compile-failure	expected-pass	expected-pass	expected-pass	expected-pass	
00096.c	reviewed-freestanding	all-match-expected	expected-pass	expected-pass	expected-pass	expected-pass	expected-pass	expected-pass	
00097.c	reviewed-freestanding	all-match-expected	expected-pass	expected-pass	expected-pass	expected-pass	expected-pass	expected-pass	
00098.c	reviewed-freestanding	all-match-expected	expected-pass	expected-pass	expected-pass	expected-pass	expected-pass	expected-pass	
00099.c	reviewed-freestanding	all-match-expected	expected-pass	expected-pass	expected-pass	expected-pass	expected-pass	expected-pass	
00100.c	reviewed-freestanding	all-match-expected	expected-pass	expected-pass	expected-pass	expected-pass	expected-pass	expected-pass	
00101.c	reviewed-freestanding	all-match-expected	expected-pass	expected-pass	expected-pass	expected-pass	expected-pass	expected-pass	
00102.c	reviewed-freestanding	all-match-expected	expected-pass	expected-pass	expected-pass	expected-pass	expected-pass	expected-pass	
00103.c	reviewed-freestanding	all-match-expected	expected-pass	expected-pass	expected-pass	expected-pass	expected-pass	expected-pass	
00104.c	outside-reviewed-profile	cosmic-gap-reference-consensus	compile-failure	compile-failure	expected-pass	expected-pass	expected-pass	expected-pass	
00105.c	reviewed-freestanding	all-match-expected	expected-pass	expected-pass	expected-pass	expected-pass	expected-pass	expected-pass	
00106.c	reviewed-freestanding	all-match-expected	expected-pass	expected-pass	expected-pass	expected-pass	expected-pass	expected-pass	
00107.c	reviewed-freestanding	all-match-expected	expected-pass	expected-pass	expected-pass	expected-pass	expected-pass	expected-pass	
00108.c	reviewed-freestanding	all-match-expected	expected-pass	expected-pass	expected-pass	expected-pass	expected-pass	expected-pass	
00109.c	reviewed-freestanding	all-match-expected	expected-pass	expected-pass	expected-pass	expected-pass	expected-pass	expected-pass	
00110.c	reviewed-freestanding	all-match-expected	expected-pass	expected-pass	expected-pass	expected-pass	expected-pass	expected-pass	
00111.c	reviewed-freestanding	all-match-expected	expected-pass	expected-pass	expected-pass	expected-pass	expected-pass	expected-pass	
00112.c	reviewed-freestanding	all-match-expected	expected-pass	expected-pass	expected-pass	expected-pass	expected-pass	expected-pass	
00113.c	reviewed-freestanding	all-match-expected	expected-pass	expected-pass	expected-pass	expected-pass	expected-pass	expected-pass	
00114.c	reviewed-freestanding	all-match-expected	expected-pass	expected-pass	expected-pass	expected-pass	expected-pass	expected-pass	
00115.c	reviewed-freestanding	all-match-expected	expected-pass	expected-pass	expected-pass	expected-pass	expected-pass	expected-pass	
00116.c	reviewed-freestanding	all-match-expected	expected-pass	expected-pass	expected-pass	expected-pass	expected-pass	expected-pass	
00117.c	reviewed-freestanding	all-match-expected	expected-pass	expected-pass	expected-pass	expected-pass	expected-pass	expected-pass	
00118.c	reviewed-freestanding	all-match-expected	expected-pass	expected-pass	expected-pass	expected-pass	expected-pass	expected-pass	
00119.c	reviewed-freestanding	all-match-expected	expected-pass	expected-pass	expected-pass	expected-pass	expected-pass	expected-pass	
00120.c	reviewed-freestanding	all-match-expected	expected-pass	expected-pass	expected-pass	expected-pass	expected-pass	expected-pass	
00121.c	reviewed-freestanding	all-match-expected	expected-pass	expected-pass	expected-pass	expected-pass	expected-pass	expected-pass	
00122.c	reviewed-freestanding	all-match-expected	expected-pass	expected-pass	expected-pass	expected-pass	expected-pass	expected-pass	
00123.c	reviewed-freestanding	all-match-expected	expected-pass	expected-pass	expected-pass	expected-pass	expected-pass	expected-pass	
00124.c	reviewed-freestanding	all-match-expected	expected-pass	expected-pass	expected-pass	expected-pass	expected-pass	expected-pass	
00125.c	outside-reviewed-profile	all-match-expected	expected-pass	expected-pass	expected-pass	expected-pass	expected-pass	expected-pass	
00126.c	reviewed-freestanding	all-match-expected	expected-pass	expected-pass	expected-pass	expected-pass	expected-pass	expected-pass	
00127.c	reviewed-freestanding	all-match-expected	expected-pass	expected-pass	expected-pass	expected-pass	expected-pass	expected-pass	
00128.c	reviewed-freestanding	all-match-expected	expected-pass	expected-pass	expected-pass	expected-pass	expected-pass	expected-pass	
00129.c	reviewed-freestanding	all-match-expected	expected-pass	expected-pass	expected-pass	expected-pass	expected-pass	expected-pass	
00130.c	reviewed-freestanding	all-match-expected	expected-pass	expected-pass	expected-pass	expected-pass	expected-pass	expected-pass	
00131.c	outside-reviewed-profile	all-match-expected	expected-pass	expected-pass	expected-pass	expected-pass	expected-pass	expected-pass	
00132.c	outside-reviewed-profile	all-match-expected	expected-pass	expected-pass	expected-pass	expected-pass	expected-pass	expected-pass	
00133.c	reviewed-freestanding	all-match-expected	expected-pass	expected-pass	expected-pass	expected-pass	expected-pass	expected-pass	
00134.c	reviewed-freestanding	all-match-expected	expected-pass	expected-pass	expected-pass	expected-pass	expected-pass	expected-pass	
00135.c	reviewed-freestanding	all-match-expected	expected-pass	expected-pass	expected-pass	expected-pass	expected-pass	expected-pass	
00136.c	reviewed-freestanding	all-match-expected	expected-pass	expected-pass	expected-pass	expected-pass	expected-pass	expected-pass	
00137.c	reviewed-freestanding	all-match-expected	expected-pass	expected-pass	expected-pass	expected-pass	expected-pass	expected-pass	
00138.c	reviewed-freestanding	all-match-expected	expected-pass	expected-pass	expected-pass	expected-pass	expected-pass	expected-pass	
00139.c	reviewed-freestanding	all-match-expected	expected-pass	expected-pass	expected-pass	expected-pass	expected-pass	expected-pass	
00140.c	reviewed-freestanding	all-match-expected	expected-pass	expected-pass	expected-pass	expected-pass	expected-pass	expected-pass	
00141.c	reviewed-freestanding	all-match-expected	expected-pass	expected-pass	expected-pass	expected-pass	expected-pass	expected-pass	
00142.c	reviewed-freestanding	all-match-expected	expected-pass	expected-pass	expected-pass	expected-pass	expected-pass	expected-pass	
00143.c	reviewed-freestanding	all-match-expected	expected-pass	expected-pass	expected-pass	expected-pass	expected-pass	expected-pass	
00144.c	reviewed-freestanding	reviewed-undefined-or-constraint-boundary	compile-failure	compile-failure	expected-pass	expected-pass	expected-pass	expected-pass	Reads uninitialized local i; also discards const qualification in pointer assignment. Reference agreement does not make this defined ISO C.
00145.c	reviewed-freestanding	all-match-expected	expected-pass	expected-pass	expected-pass	expected-pass	expected-pass	expected-pass	
00146.c	reviewed-freestanding	all-match-expected	expected-pass	expected-pass	expected-pass	expected-pass	expected-pass	expected-pass	
00147.c	reviewed-freestanding	all-match-expected	expected-pass	expected-pass	expected-pass	expected-pass	expected-pass	expected-pass	
00148.c	reviewed-freestanding	all-match-expected	expected-pass	expected-pass	expected-pass	expected-pass	expected-pass	expected-pass	
00149.c	reviewed-freestanding	all-match-expected	expected-pass	expected-pass	expected-pass	expected-pass	expected-pass	expected-pass	
00150.c	reviewed-freestanding	all-match-expected	expected-pass	expected-pass	expected-pass	expected-pass	expected-pass	expected-pass	
00151.c	reviewed-freestanding	all-match-expected	expected-pass	expected-pass	expected-pass	expected-pass	expected-pass	expected-pass	
00152.c	reviewed-freestanding	all-match-expected	expected-pass	expected-pass	expected-pass	expected-pass	expected-pass	expected-pass	
00153.c	reviewed-freestanding	all-match-expected	expected-pass	expected-pass	expected-pass	expected-pass	expected-pass	expected-pass	
00154.c	outside-reviewed-profile	all-match-expected	expected-pass	expected-pass	expected-pass	expected-pass	expected-pass	expected-pass	
00155.c	reviewed-freestanding	all-match-expected	expected-pass	expected-pass	expected-pass	expected-pass	expected-pass	expected-pass	
00156.c	outside-reviewed-profile	all-match-expected	expected-pass	expected-pass	expected-pass	expected-pass	expected-pass	expected-pass	
00157.c	outside-reviewed-profile	all-match-expected	expected-pass	expected-pass	expected-pass	expected-pass	expected-pass	expected-pass	
00158.c	outside-reviewed-profile	all-match-expected	expected-pass	expected-pass	expected-pass	expected-pass	expected-pass	expected-pass	
00159.c	outside-reviewed-profile	all-match-expected	expected-pass	expected-pass	expected-pass	expected-pass	expected-pass	expected-pass	
00160.c	outside-reviewed-profile	all-match-expected	expected-pass	expected-pass	expected-pass	expected-pass	expected-pass	expected-pass	
00161.c	outside-reviewed-profile	all-match-expected	expected-pass	expected-pass	expected-pass	expected-pass	expected-pass	expected-pass	
00162.c	reviewed-freestanding	all-match-expected	expected-pass	expected-pass	expected-pass	expected-pass	expected-pass	expected-pass	
00163.c	outside-reviewed-profile	all-match-expected	expected-pass	expected-pass	expected-pass	expected-pass	expected-pass	expected-pass	
00164.c	outside-reviewed-profile	all-match-expected	expected-pass	expected-pass	expected-pass	expected-pass	expected-pass	expected-pass	
00165.c	outside-reviewed-profile	all-match-expected	expected-pass	expected-pass	expected-pass	expected-pass	expected-pass	expected-pass	
00166.c	outside-reviewed-profile	all-match-expected	expected-pass	expected-pass	expected-pass	expected-pass	expected-pass	expected-pass	
00167.c	outside-reviewed-profile	all-match-expected	expected-pass	expected-pass	expected-pass	expected-pass	expected-pass	expected-pass	
00168.c	outside-reviewed-profile	all-match-expected	expected-pass	expected-pass	expected-pass	expected-pass	expected-pass	expected-pass	
00169.c	outside-reviewed-profile	all-match-expected	expected-pass	expected-pass	expected-pass	expected-pass	expected-pass	expected-pass	
00170.c	outside-reviewed-profile	cosmic-gap-reference-consensus	compile-failure	compile-failure	expected-pass	expected-pass	expected-pass	expected-pass	
00171.c	outside-reviewed-profile	all-match-expected	expected-pass	expected-pass	expected-pass	expected-pass	expected-pass	expected-pass	
00172.c	outside-reviewed-profile	all-match-expected	expected-pass	expected-pass	expected-pass	expected-pass	expected-pass	expected-pass	
00173.c	outside-reviewed-profile	all-match-expected	expected-pass	expected-pass	expected-pass	expected-pass	expected-pass	expected-pass	
00174.c	outside-reviewed-profile	cosmic-gap-reference-consensus	compile-failure	compile-failure	expected-pass	expected-pass	expected-pass	expected-pass	
00175.c	outside-reviewed-profile	cosmic-gap-reference-consensus	compile-failure	compile-failure	expected-pass	expected-pass	expected-pass	expected-pass	
00176.c	outside-reviewed-profile	all-match-expected	expected-pass	expected-pass	expected-pass	expected-pass	expected-pass	expected-pass	
00177.c	outside-reviewed-profile	all-match-expected	expected-pass	expected-pass	expected-pass	expected-pass	expected-pass	expected-pass	
00178.c	outside-reviewed-profile	cosmic-gap-reference-consensus	output-mismatch	output-mismatch	expected-pass	expected-pass	expected-pass	expected-pass	
00179.c	outside-reviewed-profile	cosmic-gap-reference-consensus	compile-failure	compile-failure	expected-pass	expected-pass	expected-pass	expected-pass	
00180.c	outside-reviewed-profile	all-match-expected	expected-pass	expected-pass	expected-pass	expected-pass	expected-pass	expected-pass	
00181.c	outside-reviewed-profile	all-match-expected	expected-pass	expected-pass	expected-pass	expected-pass	expected-pass	expected-pass	
00182.c	outside-reviewed-profile	all-match-expected	expected-pass	expected-pass	expected-pass	expected-pass	expected-pass	expected-pass	
00183.c	outside-reviewed-profile	all-match-expected	expected-pass	expected-pass	expected-pass	expected-pass	expected-pass	expected-pass	
00184.c	outside-reviewed-profile	all-match-expected	expected-pass	expected-pass	expected-pass	expected-pass	expected-pass	expected-pass	
00185.c	outside-reviewed-profile	all-match-expected	expected-pass	expected-pass	expected-pass	expected-pass	expected-pass	expected-pass	
00186.c	outside-reviewed-profile	cosmic-gap-reference-consensus	compile-failure	compile-failure	expected-pass	expected-pass	expected-pass	expected-pass	
00187.c	outside-reviewed-profile	cosmic-gap-reference-consensus	compile-failure	compile-failure	expected-pass	expected-pass	expected-pass	expected-pass	
00188.c	outside-reviewed-profile	all-match-expected	expected-pass	expected-pass	expected-pass	expected-pass	expected-pass	expected-pass	
00189.c	outside-reviewed-profile	cosmic-gap-reference-consensus	compile-failure	compile-failure	expected-pass	expected-pass	expected-pass	expected-pass	
00190.c	outside-reviewed-profile	all-match-expected	expected-pass	expected-pass	expected-pass	expected-pass	expected-pass	expected-pass	
00191.c	outside-reviewed-profile	all-match-expected	expected-pass	expected-pass	expected-pass	expected-pass	expected-pass	expected-pass	
00192.c	outside-reviewed-profile	all-match-expected	expected-pass	expected-pass	expected-pass	expected-pass	expected-pass	expected-pass	
00193.c	outside-reviewed-profile	all-match-expected	expected-pass	expected-pass	expected-pass	expected-pass	expected-pass	expected-pass	
00194.c	outside-reviewed-profile	all-match-expected	expected-pass	expected-pass	expected-pass	expected-pass	expected-pass	expected-pass	
00195.c	outside-reviewed-profile	all-match-expected	expected-pass	expected-pass	expected-pass	expected-pass	expected-pass	expected-pass	
00196.c	outside-reviewed-profile	all-match-expected	expected-pass	expected-pass	expected-pass	expected-pass	expected-pass	expected-pass	
00197.c	outside-reviewed-profile	all-match-expected	expected-pass	expected-pass	expected-pass	expected-pass	expected-pass	expected-pass	
00198.c	outside-reviewed-profile	all-match-expected	expected-pass	expected-pass	expected-pass	expected-pass	expected-pass	expected-pass	
00199.c	outside-reviewed-profile	all-match-expected	expected-pass	expected-pass	expected-pass	expected-pass	expected-pass	expected-pass	
00200.c	outside-reviewed-profile	cosmic-gap-reference-consensus	execute-failure	execute-failure	expected-pass	expected-pass	expected-pass	expected-pass	
00201.c	outside-reviewed-profile	cosmic-gap-reference-consensus	compile-failure	compile-failure	expected-pass	expected-pass	expected-pass	expected-pass	
00202.c	outside-reviewed-profile	all-match-expected	expected-pass	expected-pass	expected-pass	expected-pass	expected-pass	expected-pass	
00203.c	outside-reviewed-profile	all-match-expected	expected-pass	expected-pass	expected-pass	expected-pass	expected-pass	expected-pass	
00204.c	outside-reviewed-profile	cosmic-gap-reference-consensus	compile-failure	compile-failure	expected-pass	expected-pass	expected-pass	expected-pass	
00205.c	outside-reviewed-profile	cosmic-gap-reference-consensus	compile-failure	compile-failure	expected-pass	expected-pass	expected-pass	expected-pass	
00206.c	outside-reviewed-profile	cosmic-gap-reference-consensus	output-mismatch	output-mismatch	expected-pass	expected-pass	expected-pass	expected-pass	
00207.c	outside-reviewed-profile	cosmic-gap-reference-consensus	compile-failure	compile-failure	expected-pass	expected-pass	expected-pass	expected-pass	
00208.c	outside-reviewed-profile	all-match-expected	expected-pass	expected-pass	expected-pass	expected-pass	expected-pass	expected-pass	
00209.c	outside-reviewed-profile	cosmic-gap-reference-consensus	compile-failure	compile-failure	expected-pass	expected-pass	expected-pass	expected-pass	
00210.c	outside-reviewed-profile	cosmic-gap-reference-consensus	compile-failure	compile-failure	expected-pass	expected-pass	expected-pass	expected-pass	
00211.c	outside-reviewed-profile	all-match-expected	expected-pass	expected-pass	expected-pass	expected-pass	expected-pass	expected-pass	
00212.c	outside-reviewed-profile	all-match-expected	expected-pass	expected-pass	expected-pass	expected-pass	expected-pass	expected-pass	
00213.c	outside-reviewed-profile	cosmic-gap-reference-consensus	compile-failure	compile-failure	expected-pass	expected-pass	expected-pass	expected-pass	
00214.c	outside-reviewed-profile	cosmic-gap-reference-consensus	compile-failure	compile-failure	expected-pass	expected-pass	expected-pass	expected-pass	
00215.c	outside-reviewed-profile	all-match-expected	expected-pass	expected-pass	expected-pass	expected-pass	expected-pass	expected-pass	
00216.c	outside-reviewed-profile	cosmic-gap-reference-consensus	compile-failure	compile-failure	expected-pass	expected-pass	expected-pass	expected-pass	
00217.c	outside-reviewed-profile	all-match-expected	expected-pass	expected-pass	expected-pass	expected-pass	expected-pass	expected-pass	
00218.c	outside-reviewed-profile	cosmic-gap-reference-consensus	compile-failure	compile-failure	expected-pass	expected-pass	expected-pass	expected-pass	
00219.c	outside-reviewed-profile	cosmic-gap-reference-consensus	compile-failure	compile-failure	expected-pass	expected-pass	expected-pass	expected-pass	
00220.c	outside-reviewed-profile	cosmic-gap-reference-consensus	compile-failure	compile-failure	expected-pass	expected-pass	expected-pass	expected-pass	
