case	status	tags
00001.c	compiled	portable c89
00002.c	compiled	portable c89
00003.c	compiled	portable c89
00004.c	compiled	portable c89
00005.c	compiled	portable c89
00006.c	compiled	portable c89
00007.c	compiled	portable c89
00008.c	compiled	portable c89
00009.c	compiled	portable c89
00010.c	compiled	portable c89
00011.c	compiled	portable c89
00012.c	compiled	portable c89
00013.c	compiled	portable c89
00014.c	compiled	portable c89
00015.c	compiled	portable c89
00016.c	compiled	portable c89
00017.c	compiled	portable c89
00018.c	compiled	portable c89
00019.c	compiled	portable c89
00020.c	compiled	portable c89
00021.c	compiled	portable c89
00022.c	compiled	portable c89
00023.c	compiled	portable c89
00024.c	compiled	portable c89
00025.c	excluded	portable c89
00026.c	compiled	portable c89
00027.c	compiled	portable c89
00028.c	compiled	portable c89
00029.c	compiled	portable c89
00030.c	compiled	portable c89
00031.c	compiled	portable c89
00032.c	compiled	portable c89
00033.c	compiled	portable c89
00034.c	compiled	portable c89
00035.c	compiled	portable c89
00036.c	compiled	portable c89
00037.c	compiled	portable c89
00038.c	compiled	portable c89
00039.c	compiled	portable c89
00040.c	excluded	portable c89 needs-libc
00041.c	compiled	portable c89
00042.c	compiled	portable c89
00043.c	compiled	portable c89
00044.c	compiled	portable c89
00045.c	compiled	portable c89
00046.c	compiled	portable c11
00047.c	compiled	portable c89
00048.c	compiled	portable c99
00049.c	compiled	portable c99
00050.c	compiled	portable c11
00051.c	compiled	portable c89
00052.c	compiled	portable c89
00053.c	compiled	portable c89
00054.c	compiled	portable c89
00055.c	compiled	portable c89
00056.c	excluded	portable c99 needs-libc needs-cpp
00057.c	compiled	portable c89
00058.c	compiled	portable c89
00059.c	compiled	portable c89
00060.c	compiled	portable c99 needs-cpp
00061.c	compiled	portable c89 needs-cpp
00062.c	compiled	portable c89 needs-cpp
00063.c	compiled	portable c89 needs-cpp
00064.c	compiled	portable c89 needs-cpp
00065.c	compiled	portable c89 needs-cpp
00066.c	compiled	portable c89 needs-cpp
00067.c	compiled	portable c89 needs-cpp
00068.c	compiled	portable c89 needs-cpp
00069.c	compiled	portable c89 needs-cpp
00070.c	compiled	portable c89 needs-cpp
00071.c	compiled	portable c89 needs-cpp
00072.c	compiled	portable c89
00073.c	compiled	portable c89
00074.c	compiled	portable c89 needs-cpp
00075.c	compiled	portable c89 needs-cpp
00076.c	compiled	portable c89
00077.c	compiled	portable c89
00078.c	compiled	portable c89
00079.c	compiled	portable c89 needs-cpp
00080.c	compiled	portable c89
00081.c	compiled	portable c99
00082.c	compiled	portable c99
00083.c	compiled	portable c99 needs-cpp
00084.c	compiled	portable c89 needs-cpp
00085.c	compiled	portable c99 needs-cpp
00086.c	compiled	portable c89
00087.c	compiled	portable c89
00088.c	compiled	portable c89
00089.c	compiled	portable c89
00090.c	compiled	portable c89
00091.c	compiled	portable c89
00092.c	compiled	portable c99
00093.c	compiled	portable c89
00094.c	compiled	portable c89
00095.c	excluded	portable c89
00096.c	compiled	portable c89
00097.c	compiled	portable c89 needs-cpp
00098.c	compiled	portable c89
00099.c	compiled	portable c99
00100.c	compiled	portable c89
00101.c	compiled	portable c89
00102.c	compiled	portable c89
00103.c	compiled	portable c89
00104.c	excluded	portable c99 needs-libc needs-cpp
00105.c	compiled	portable c89
00106.c	compiled	portable c89
00107.c	compiled	portable c89
00108.c	compiled	portable c89 needs-cpp
00109.c	compiled	portable c89
00110.c	compiled	portable c89
00111.c	compiled	portable c89
00112.c	compiled	portable c89
00113.c	compiled	portable c89
00114.c	compiled	portable c89
00115.c	compiled	portable c89 needs-cpp
00116.c	compiled	portable c89
00117.c	compiled	portable c89
00118.c	compiled	portable c89
00119.c	compiled	portable c89
00120.c	compiled	portable c89
00121.c	compiled	portable c89
00122.c	compiled	portable c89 needs-cpp
00123.c	compiled	portable c89
00124.c	compiled	portable c89
00125.c	excluded	portable c89 needs-libc needs-cpp
00126.c	compiled	portable c99
00127.c	compiled	portable c89
00128.c	compiled	portable c99
00129.c	compiled	portable c89 needs-cpp
00130.c	compiled	portable c89
00131.c	excluded	portable c99 needs-libc needs-cpp
00132.c	excluded	portable c99 needs-libc needs-cpp
00133.c	compiled	portable c99
00134.c	compiled	portable c99
00135.c	compiled	portable c99
00136.c	compiled	portable c89 needs-cpp
00137.c	compiled	portable c89 needs-cpp
00138.c	compiled	portable c89 needs-cpp
00139.c	compiled	portable c89 needs-cpp
00140.c	compiled	portable c89
00141.c	compiled	portable c89 needs-cpp
00142.c	compiled	portable c89 needs-cpp
00143.c	compiled	portable c89 needs-cpp
00144.c	source-diagnostic	portable c89
00145.c	compiled	portable c89 needs-cpp
00146.c	compiled	portable c99
00147.c	compiled	portable c99
00148.c	compiled	portable c99
00149.c	compiled	portable c99
00150.c	compiled	portable c99
00151.c	compiled	portable c99
00152.c	compiled	portable c89 needs-cpp
00153.c	compiled	portable c89 needs-cpp
00154.c	excluded	portable c89 needs-libc needs-cpp
00155.c	compiled	portable c89
00156.c	excluded	portable c99 needs-libc needs-cpp
00157.c	excluded	portable c99 needs-libc needs-cpp
00158.c	excluded	portable c99 needs-libc needs-cpp
00159.c	excluded	portable c99 needs-libc needs-cpp
00160.c	excluded	portable c99 needs-libc needs-cpp
00161.c	excluded	portable c99 needs-libc needs-cpp
00162.c	compiled	portable c99 needs-cpp
00163.c	excluded	portable c99 needs-libc needs-cpp
00164.c	excluded	portable c99 needs-libc needs-cpp
00165.c	excluded	portable c99 needs-libc needs-cpp
00166.c	excluded	portable c99 needs-libc needs-cpp
00167.c	excluded	portable c99 needs-libc needs-cpp
00168.c	excluded	portable c89 needs-libc needs-cpp
00169.c	excluded	portable c89 needs-libc needs-cpp
00170.c	excluded	portable c89 needs-libc needs-cpp
00171.c	excluded	portable c89 needs-libc needs-cpp
00172.c	excluded	portable c89 needs-libc needs-cpp
00173.c	excluded	portable c89 needs-libc needs-cpp
00174.c	excluded	portable c99 needs-libc needs-cpp
00175.c	excluded	portable c89 needs-libc needs-cpp
00176.c	excluded	portable c99 needs-libc needs-cpp
00177.c	excluded	portable c89 needs-libc needs-cpp
00178.c	excluded	portable c89 needs-libc needs-cpp
00179.c	excluded	portable c89 needs-libc needs-cpp
00180.c	excluded	portable c89 needs-libc needs-cpp
00181.c	excluded	portable c89 needs-libc needs-cpp
00182.c	excluded	portable c89 needs-libc needs-cpp
00183.c	excluded	portable c89 needs-libc needs-cpp
00184.c	excluded	portable c89 needs-libc needs-cpp
00185.c	excluded	portable c89 needs-libc needs-cpp
00186.c	excluded	portable c89 needs-libc needs-cpp
00187.c	excluded	portable c89 needs-libc needs-cpp
00188.c	excluded	portable c89 needs-libc needs-cpp
00189.c	excluded	portable c89 needs-libc needs-cpp
00190.c	excluded	portable c89 needs-libc needs-cpp
00191.c	excluded	portable c89 needs-libc needs-cpp
00192.c	excluded	portable c89 needs-libc needs-cpp
00193.c	excluded	portable c89 needs-libc needs-cpp
00194.c	excluded	portable c89 needs-libc needs-cpp
00195.c	excluded	portable c89 needs-libc needs-cpp
00196.c	excluded	portable c89 needs-libc needs-cpp
00197.c	excluded	portable c89 needs-libc needs-cpp
00198.c	excluded	portable c89 needs-libc needs-cpp
00199.c	excluded	portable c89 needs-libc needs-cpp
00200.c	excluded	portable c89 needs-libc needs-cpp
00201.c	excluded	portable c89 needs-libc needs-cpp
00202.c	excluded	portable c89 needs-libc needs-cpp
00203.c	excluded	portable c89 needs-libc needs-cpp
00204.c	excluded	portable c99 needs-libc needs-cpp
00205.c	excluded	portable c89 needs-libc needs-cpp
00206.c	excluded	portable c89 needs-libc needs-cpp
00207.c	excluded	portable c89 needs-libc needs-cpp
00208.c	excluded	portable c99 needs-libc needs-cpp
00209.c	excluded	portable c89
00210.c	excluded	portable c89 needs-cpp
00211.c	excluded	portable c99 needs-cpp
00212.c	excluded	portable c89 needs-libc needs-cpp
00213.c	excluded	portable c89
00214.c	excluded	portable c89
00215.c	excluded	portable c99
00216.c	excluded	portable needs-libc needs-cpp
00217.c	excluded	portable c89
00218.c	excluded	portable c89
00219.c	excluded	portable c89 needs-libc needs-cpp
00220.c	excluded	portable c99 needs-libc needs-cpp
